canonical_smiles,r_i_docking_score,n_measurements
C#CCSC1=NC([O-])=C2C(=NC(=O)C[C@@H]2c2ccc(OCC(N)=O)cc2)N1,-6.306724359338256,1
C#CCSC1=NC([O-])=C2C(=NC(=O)C[C@H]2c2ccc(OCC(N)=O)cc2)N1,-6.691054160193051,1
C#CCSc1nc(=O)c2c([nH]1)NC(=O)C[C@@H]2c1ccc(OCC(N)=O)cc1,-7.670324761786011,1
C#CCSc1nc2c(c(=O)[n-]1)[C@H](c1ccc(OCC(N)=O)cc1)CC(=O)N2,-7.970519262186249,1
C#CCSc1nc2c(c(=O)[nH]1)[C@H](c1ccc(OCC(N)=O)cc1)CC(=O)N2,-8.279442847053291,1
C=CCNC(=O)CCc1nc(-c2cc3cc(C)ccc3[nH]c2=O)no1,-7.374269250239445,1
C=CCNC(=O)CSc1nc2c(cnn2-c2ccc(Cl)cc2)c(=O)[nH]1,-7.529601381033831,1
C=CCNC(=O)[C@H]1CC(=O)N(c2ccc(OCC(=O)Nc3cccc(OC)c3)cc2)C1,-7.110230599083655,1
C=CCNC(=O)c1cc(-c2ccc(Br)cc2)on1,-7.03343460857465,1
C=CCNC(=O)c1cc(-c2ccc(F)cc2)on1,-6.9638246578937775,1
C=CCNC(=O)c1cc(-c2ccc(O)cc2)on1,-6.22015563701018,1
C=CCSC1=NC([O-])=C2C(=NC(=O)C[C@H]2c2ccc(OCC(N)=O)cc2)N1,-8.247063789987195,1
C=CCn1c([C@H]2CC(=O)N(CCOC)C2)nc2ccccc21,-7.10949963795709,1
C=CCn1c2ccccc2c2nnc(S[C@@H](CC)C(=O)Nc3ccc(NC(C)=O)cc3)nc21,-7.896851224182167,1
C=CCn1c2ccccc2c2nnc(S[C@H](CC)C(=O)Nc3ccc(NC(C)=O)cc3)nc21,-8.175596688854883,1
CC(=O)NC1=NN(C(C)=O)[C@@H](c2cccc(OCCCOc3cccc(C)c3)c2)S1,-5.635708291672885,1
CC(=O)NC1=NN(C(C)=O)[C@@](C)(c2ccc(NC(C)=O)cc2)S1,-9.989036653360202,1
CC(=O)NCCCCCc1nc2ccccc2n1Cc1ccc(Cl)cc1,-7.83203606345464,1
CC(=O)NCCCCCc1nc2ccccc2n1Cc1ccccc1,-8.315094681930796,1
CC(=O)NCCc1nc2cc(NC(=O)COc3ccc(Cl)cc3)ccc2n1C,-7.973105208709352,1
CC(=O)NCCc1nc2cc(NC(C)=O)ccc2n1C,-8.736179871485765,1
CC(=O)NCc1nc(-c2ccc(C(C)(C)C)cc2)no1,-8.143979200302324,1
CC(=O)NCc1nc(-c2ccc(Cl)cc2)no1,-8.07208235779154,1
CC(=O)NCc1nc(-c2cccc(C)c2)no1,-8.074927069921058,1
CC(=O)Nc1ccc(/C=N/NC(=O)[C@H](NC(=O)c2ccccc2)c2n[nH]c(=O)c3ccccc23)cc1,-8.5340051611541,1
CC(=O)Nc1ccc(C(=O)/[NH+]=C(\NCc2c(C)nn(C)c2C)Nc2ccc(C(C)C)cc2)cc1,-7.225535294668608,1
CC(=O)Nc1ccc(C(=O)/[NH+]=C(\NCc2ccncc2)Nc2ccc(C)cc2)cc1,-8.089084616199655,1
CC(=O)Nc1ccc(C(=O)N/N=C/c2cccc(C)n2)cc1,-8.30485087533959,1
CC(=O)Nc1ccc(C(=O)NCCn2c(-c3ccc(F)cc3)nc3cccnc32)cc1,-8.147524460241918,1
CC(=O)Nc1ccc(C(=O)NCCn2c(-c3ccccc3)nc3cccnc32)cc1,-7.087794287793901,1
CC(=O)Nc1ccc(C(=O)NCc2ccc3c(c2)OCO3)cc1,-8.892193266290178,1
CC(=O)Nc1ccc(C(=O)Nc2nc3ccc(S(C)(=O)=O)cc3s2)cc1,-8.602273323634805,1
CC(=O)Nc1ccc(C(=O)Nc2nnc([C@@H]3CC(=O)N(c4ccc(C)cc4)C3)s2)cc1,-7.662161928641442,1
CC(=O)Nc1ccc(N/C=C2/N=C(c3ccc([N+](=O)[O-])cc3)OC2=O)cc1,-8.66759986540799,1
CC(=O)Nc1ccc(N/C=C2\N=C(c3ccccc3Br)OC2=O)cc1,-8.62564399693974,1
CC(=O)Nc1ccc(N2C(=O)CN(S(C)(=O)=O)C[C@@]2(C)C(=O)NC2CCCCC2)cc1,-8.340124021975821,1
CC(=O)Nc1ccc(N2C(=O)c3cc4ccsc4n3C[C@@]2(C)C(=O)NC2CCCCC2)cc1,-8.20938745429758,1
CC(=O)Nc1ccc(NC(=O)CCCn2nc(C)c([N+](=O)[O-])c2C)cc1,-8.699976587430044,1
CC(=O)Nc1ccc(NC(=O)CCN2C(=O)c3ccccc3C2=O)cc1,-7.482876043501798,1
CC(=O)Nc1ccc(NC(=O)CCc2ccc3nc(NC(C)=O)sc3c2)cc1,-9.802644186272792,1
CC(=O)Nc1ccc(NC(=O)COc2cccc3c2OC(C)(C)C3)cc1,-8.716516822784453,1
CC(=O)Nc1ccc(NC(=O)CSC2=[NH+]C(=O)C[C@@H](c3ccccc3F)[C@H]2C#N)cc1,-8.23147023630619,1
CC(=O)Nc1ccc(NC(=O)CSC2=[NH+]C(=O)C[C@H](c3ccccc3F)[C@@H]2C#N)cc1,-7.664681589636716,1
CC(=O)Nc1ccc(NC(=O)CSc2n[nH]c(C)n2)cc1,-8.214725458302976,1
CC(=O)Nc1ccc(NC(=O)CSc2nc(C)n[nH]2)cc1,-8.658596830250925,1
CC(=O)Nc1ccc(NC(=O)CSc2nc3[nH+]c[nH]c3c(=O)[n-]2)cc1,-10.414301571149387,1
CC(=O)Nc1ccc(NC(=O)CSc2ncc(CO)n2CC(=O)NCc2ccccc2)cc1,-7.635660150336509,1
CC(=O)Nc1ccc(NC(=O)CSc2nnc3ccc(-c4ccncc4)nn23)cc1,-8.108666425667739,1
CC(=O)Nc1ccc(NC(=O)CSc2nnnn2-c2ccccc2)cc1,-8.233101017560962,1
CC(=O)Nc1ccc(NC(=O)C[C@@H](C)n2ccc(C)n2)cc1,-8.508182634996361,1
CC(=O)Nc1ccc(NC(=O)C[C@@H]2Nc3ccccc3NC2=O)cc1,-8.492343278286167,1
CC(=O)Nc1ccc(NC(=O)C[C@H]2Nc3ccccc3NC2=O)cc1,-9.570259974521374,1
CC(=O)Nc1ccc(NC(=O)C[C@H]2Sc3ccccc3NC2=O)cc1,-8.618425535666823,1
CC(=O)Nc1ccc(NC(=O)Cc2csc(NC(=O)c3ccco3)n2)cc1,-8.505043021300335,1
CC(=O)Nc1ccc(NC(=O)Cn2cc([N+](=O)[O-])cn2)cc1,-8.345872374225802,1
CC(=O)Nc1ccc(NC(=O)[C@@H](C)N2Cc3ccccc3C2=O)cc1,-8.738626018025467,1
CC(=O)Nc1ccc(NC(=O)[C@@H]2CCC(=O)N2S(=O)(=O)c2ccccc2)cc1,-8.187557675129806,1
CC(=O)Nc1ccc(NC(=O)[C@H]2CC(=O)N=C(N)S2)cc1,-8.391056933213378,1
CC(=O)Nc1ccc(NC(=O)[C@H]2CC(=O)Nc3ncnn32)cc1,-8.958577290163369,1
CC(=O)Nc1ccc(NC(=O)c2c(C)nn(-c3ccccc3)c2Cl)cc1,-7.908097746345255,1
CC(=O)Nc1ccc(NC(=O)c2c(N3CCCC3=O)c3cc(C)ccc3n2C)cc1,-8.44952020071453,1
CC(=O)Nc1ccc(NC(=O)c2c[nH]c(=O)n(-c3ccccc3)c2=O)cc1,-7.8283059130504125,1
CC(=O)Nc1ccc(NC(=O)c2cc(-c3ccncc3)[nH]n2)cc1,-7.829418013388211,1
CC(=O)Nc1ccc(NC(=O)c2cc(=O)n3c(nc4ccccc43)s2)cc1,-7.87260380419598,1
CC(=O)Nc1ccc(NC(=O)c2cc3c(=O)n4cccc(C)c4nc3n2C)cc1,-7.769452141251612,1
CC(=O)Nc1ccc(NC(=O)c2ccc(Cl)c([N+](=O)[O-])c2)cc1,-8.361995919221073,1
CC(=O)Nc1ccc(NC(=O)c2ccc3c(c2)C[C@@H](c2ccccc2)OC3=O)cc1,-6.642912090503329,1
CC(=O)Nc1ccc(NC(=O)c2ccc3c(c2)nnn3C)cc1,-8.018801893365495,1
CC(=O)Nc1ccc(NC(=O)c2cccs2)cc1,-8.433596812438374,1
CC(=O)Nc1ccc(NC(=O)c2cnn(-c3ccc(Cl)cc3)c2)cc1,-7.835449671762907,1
CC(=O)Nc1ccc(NC(=O)c2cnn(-c3ccccc3)c2)cc1,-8.211680421301283,1
CC(=O)Nc1ccc(N[C@@H](NC(=O)c2cccs2)C(=O)c2ccccc2)cc1,-8.793857697749988,1
CC(=O)Nc1ccc(Nc2cc(C)nc(-n3cc([N+](=O)[O-])cn3)n2)cc1,-8.10325365286652,1
CC(=O)Nc1ccc(Nc2cc(C)nc3c(C)c(-c4ccccc4)nn23)cc1,-8.916619247003952,1
CC(=O)Nc1ccc(Nc2nc(C)cc(Nc3ccc(C)cc3)n2)cc1,-8.455185820718864,1
CC(=O)Nc1ccc(Nc2nc(Nc3ccc(C)cc3)cc(C)[nH+]2)cc1,-7.025089473716315,1
CC(=O)Nc1ccc(Nc2nc3c(S(=O)(=O)c4cccc(Cl)c4)nnn3c3ccsc23)cc1,-9.386162391633173,1
CC(=O)Nc1ccc(OCc2cc(=O)n3ccccc3n2)cc1,-9.043552588729655,1
CC(=O)Nc1ccc(OCc2cc(=O)n3nc(CC(C)C)sc3n2)cc1,-8.594602888809785,1
CC(=O)Nc1ccc(S(=O)(=O)/N=C2\[N-]C[N@@H+](Cc3ccccc3)CN2)cc1,-6.263108458111298,1
CC(=O)Nc1ccc(S(=O)(=O)N2CCC(n3c(C(F)(F)F)nc4cccnc43)CC2)cc1,-7.406116877476382,1
CC(=O)Nc1ccc(S(=O)(=O)N2CCN(S(=O)(=O)c3ccc(C)cc3)CC2)cc1,-7.6313526969218355,1
CC(=O)Nc1ccc(S(=O)(=O)N=C2NCN(CCC[NH+]3CCOCC3)CN2)cc1,-8.147967966362529,1
CC(=O)Nc1ccc(S(=O)(=O)N=C2NCN(Cc3ccc4c(c3)OCO4)CN2)cc1,-7.374223139414782,1
CC(=O)Nc1ccc(S(=O)(=O)N=C2[N-]C[NH+](CCCN3CCOCC3)C[N-]2)cc1,-6.576589210817491,1
CC(=O)Nc1ccc(S(=O)(=O)N=C2[N-]C[NH+](Cc3ccc4c(c3)OCO4)C[N-]2)cc1,-7.476168626037227,1
CC(=O)Nc1ccc(S(=O)(=O)N=C2[N-]C[NH+](Cc3ccccc3)C[N-]2)cc1,-7.558949901076569,1
CC(=O)Nc1ccc(S(=O)(=O)NC[C@H]2CC[C@@H](C(=O)NCCC(C)C)CC2)cc1,-7.810257070565876,1
CC(=O)Nc1ccc(S(=O)(=O)NC[C@H]2CC[C@@H](C(=O)NCCc3ccc(C)cc3)CC2)cc1,-7.254611685619278,1
CC(=O)Nc1ccc(S(=O)(=O)NC[C@H]2CC[C@H](C(=O)NCCc3ccc(C)cc3)CC2)cc1,-7.8357578147636575,1
CC(=O)Nc1ccc(S(=O)(=O)NCc2ccc(C(=O)N[C@@H](C)c3ccccc3)cc2)cc1,-7.58586157479084,1
CC(=O)Nc1ccc(S(=O)(=O)NCc2nc(-c3ccc(C)cc3)no2)cc1,-7.25856715899858,1
CC(=O)Nc1ccc(S(=O)(=O)N[C@@H](C)c2nc(-c3ccc(Cl)cc3)no2)cc1,-7.37377510578265,1
CC(=O)Nc1ccc(S(=O)(=O)N[C@H](C)c2nc(-c3ccccc3)no2)cc1,-7.387534421582178,1
CC(=O)Nc1ccc(S(=O)(=O)N[C@H](C)c2nc(-c3ccccc3C)no2)cc1,-7.916292761764974,1
CC(=O)Nc1ccc(S(=O)(=O)Nc2cc(C)c3nc([N-]C(=O)c4ccccc4)sc3c2)cc1,-4.372293364148302,1
CC(=O)Nc1ccc(S(=O)(=O)Nc2ccc(-c3ccc(N4CCCCC4)nn3)cc2)cc1,-9.251325230915793,1
CC(=O)Nc1ccc(S(=O)(=O)[N-]c2cc(C)c3nc(NC(C)=O)sc3c2)cc1,-6.641024609594975,1
CC(=O)Nc1ccc2c(c1)nc(CCNC(=O)c1ccccc1)n2C,-8.696962627459227,1
CC(=O)Nc1ccc2nc(NC(C)=O)sc2c1,-9.288295474247214,1
CC(=O)Nc1cccc(C(=O)OCc2cc(=O)n3c4c(sc3n2)CCCC4)c1,-5.299547974727201,1
CC(=O)Nc1cccc(NC(=O)CSc2[nH+]cc(CO)n2Cc2ccc(C)cc2)c1,-6.91726769975501,1
CC(=O)Nc1cccc(NC(=O)CSc2cn(CC(=O)N3CCCC3)c3ccccc23)c1,-6.081611155753374,1
CC(=O)Nc1cccc(NC(=O)Cc2csc(NC(=O)Nc3ccc(Cl)cc3)n2)c1,-6.135419812798403,1
CC(=O)Nc1cccc(OCc2cc(=O)n3nc(C(C)C)sc3n2)c1,-8.465138496504927,1
CC(=O)Nc1cccc(OCc2cc(=O)n3nc(CC(C)C)sc3n2)c1,-8.006166946329593,1
CC(=O)Nc1nc(-c2ccc3c(c2)NC(=O)CO3)cs1,-8.227415414779871,1
CC(=O)Nc1nc(-c2ccc3c(c2)NC(=O)[C@@H](C)O3)cs1,-6.292418329714295,1
CC(=O)Nc1nc(-c2ccc3c(c2)NC(=O)[C@H](C)O3)cs1,-8.121331103852011,1
CC(=O)Nc1nc(CC(=O)N2CCN(c3cccc(C(F)(F)F)c3)CC2)cs1,-8.645041821519218,1
CC(=O)Nc1nc(CC(=O)NCc2ccc(C)cc2)cs1,-9.01482565446964,1
CC(=O)Nc1nc(CC(=O)N[C@@H](C)c2ccccc2)cs1,-8.76123050075819,1
CC(=O)Nc1nc(CC(=O)Nc2cccc(Cl)c2)cs1,-8.87481706074838,1
CC(=O)Nc1nc2c(C)cc(NC(=O)Nc3cccc(Cl)c3)cc2s1,-4.513950137757052,1
CC(=O)Nc1nc2ccc(CCC(=O)Nc3cc(C)cc(C)c3)cc2s1,-9.018373300949726,1
CC(=O)Nc1nc2ccc(CCC(=O)Nc3ccc(Cl)cc3)cc2s1,-9.524650977405567,1
CC(=O)Nc1nc2ccc(NC(=O)Nc3ccc(Br)cc3)cc2s1,-7.9354675479616175,1
CC(=O)Nc1nc2ccc(NC(=O)Nc3cccc(Br)c3)cc2s1,-9.032767105053384,1
CC(=O)Nc1nc2ccc(NC(=O)Nc3cccc(Cl)c3)cc2s1,-7.552131239149477,1
CC(=O)Nc1nc2ccc(NC(=O)Nc3cccc(F)c3)cc2s1,-7.7861275102519985,1
CC(=O)Nc1nc2ccc(NC(=O)Nc3ccccc3)cc2s1,-9.45734476236088,1
CC(=O)Nc1nc2ccc(NS(=O)(=O)c3ccccc3F)cc2s1,-8.535209459685564,1
CC(=O)Nc1nc2ccc([N-]S(=O)(=O)c3ccc(Cl)cc3)cc2s1,-7.597044246158325,1
CC(=O)Nc1nc2ccc([N-]S(=O)(=O)c3ccc(F)c(F)c3)cc2s1,-7.538266809577772,1
CC(=O)Nc1nnc(SCc2cc(=O)n3nc(C(C)C)sc3n2)s1,-9.274690614644785,1
CC(=O)Nc1nnc(SCc2cc(=O)n3nc(C4CC4)sc3n2)s1,-8.680171041483863,1
CC(=O)Nc1nnc([C@@H]2CC(=O)N(c3ccc(C)c(C)c3)C2)s1,-10.241472637577903,1
CC(=O)c1c(C)n(-c2ccc(C)cc2)c2ccc(OC[C@@H](O)C[N@H+]3CC[C@H](C(N)=O)CC3)cc12,-8.960124599287644,1
CC(=O)c1ccc(-n2nnc3c(sc4nc(C)cc(C)c43)c2=O)cc1,-7.688223126004863,1
CC(=O)c1ccc(N(CN2C(=O)c3ccc([N+](=O)[O-])cc3C2=O)C(C)=O)cc1,-7.458445494367977,1
CC(=O)c1ccc(N/C=C2/N=C(c3ccc([N+](=O)[O-])cc3)OC2=O)cc1,-7.223608282684841,1
CC(=O)c1ccc(N2CC(=O)C(c3nc4ccccc4[nH]3)=C2N)cc1,-7.400447428358661,1
CC(=O)c1ccc(NC(=O)CCc2nc(-c3ccco3)no2)cc1,-7.917532806697019,1
CC(=O)c1ccc(NC(=O)CCc2nc(-c3cccs3)no2)cc1,-8.017809577726572,1
CC(=O)c1ccc(NC(=O)CN2C(=O)C(C)(C)c3cc(C)ccc32)cc1,-7.567674476020789,1
CC(=O)c1ccc(NC(=O)COc2cc(Cl)ccc2Cl)cc1,-7.897745614225895,1
CC(=O)c1ccc(NC(=O)COc2ccc(Br)cc2)cc1,-7.543066688416797,1
CC(=O)c1ccc(NC(=O)COc2cccc3c2OC(C)(C)C3)cc1,-8.208485090678938,1
CC(=O)c1ccc(NC(=O)CSc2[nH+]cc(CO)n2CC(=O)NCc2ccccc2)cc1,-7.256572729994149,1
CC(=O)c1ccc(NC(=O)CSc2nc(=O)[nH]c3c2CCC3)cc1,-8.073507348125988,1
CC(=O)c1ccc(NC(=O)CSc2nc(C)cc3c2C(=O)OC3)cc1,-7.980452423507288,1
CC(=O)c1ccc(NC(=O)CSc2nc3ncccc3o2)cc1,-8.536251034615464,1
CC(=O)c1ccc(NC(=O)CSc2ncc(-c3ccc(F)cc3)o2)cc1,-7.75956562612029,1
CC(=O)c1ccc(NC(=O)CSc2ncc(S(=O)(=O)c3ccc(Cl)s3)c(N)n2)cc1,-7.657111457126841,1
CC(=O)c1ccc(NC(=O)CSc2ncc(S(=O)(=O)c3cccs3)c(N)n2)cc1,-7.587845744943428,1
CC(=O)c1ccc(NC(=O)CSc2nccn2Cc2ccccc2Cl)cc1,-7.66224882750824,1
CC(=O)c1ccc(NC(=O)CSc2nnc(-c3ccncc3)n2C)cc1,-8.420227843161964,1
CC(=O)c1ccc(NC(=O)CSc2nnc(Cc3cccn3C)n2-c2ccc(F)cc2)cc1,-7.592727437781462,1
CC(=O)c1ccc(NC(=O)CSc2nnc(N)s2)cc1,-8.327638945853959,1
CC(=O)c1ccc(NC(=O)CSc2nnc(NC(=O)Nc3ccccc3)s2)cc1,-7.787059087160664,1
CC(=O)c1ccc(NC(=O)CSc2nnc3c(n2)[nH]c2ccccc23)cc1,-8.742012029263046,1
CC(=O)c1ccc(NC(=O)C[C@H](C)n2nc(C)cc2C)cc1,-7.604062479964645,1
CC(=O)c1ccc(NC(=O)Cc2csc(-c3ccccc3)n2)cc1,-7.947367419236161,1
CC(=O)c1ccc(NC(=O)[C@@H](C(C)C)N2C(=O)c3ccccc3C2=O)cc1,-7.812664000402441,1
CC(=O)c1ccc(NC(=O)[C@@H](C)Sc2nnc(-c3ccncc3)o2)cc1,-8.229881725783978,1
CC(=O)c1ccc(NC(=O)[C@H](CC(C)C)N2C(=O)c3ccccc3C2=O)cc1,-7.757389173628349,1
CC(=O)c1ccc(NC(=O)c2c[nH]c(=O)n(-c3ccccc3)c2=O)cc1,-7.2043972236903775,1
CC(=O)c1ccc(NC(=O)c2cc(-c3ccc(Cl)cc3)on2)cc1,-7.356492263197189,1
CC(=O)c1ccc(NC(=O)c2ccc(Cl)c([N+](=O)[O-])c2)cc1,-7.538857672911788,1
CC(=O)c1ccc(NC(=O)c2ccc3c(c2)nnn3C(C)C)cc1,-7.285920714896967,1
CC(=O)c1ccc(NC(=O)c2cccc(F)c2)cc1,-7.4022794260233,1
CC(=O)c1ccc(NC(=O)c2cccs2)cc1,-7.646823381465866,1
CC(=O)c1ccc(NC(=O)c2cnc3ccccn3c2=O)cc1,-7.537615913345913,1
CC(=O)c1ccc(NC2=C(Cl)C(=O)O[C@@H]2OC(=O)c2ccccc2)cc1,-7.423863418383399,1
CC(=O)c1ccc(NCN2C(=O)c3ccc([N+](=O)[O-])cc3C2=O)cc1,-7.888606987871263,1
CC(=O)c1ccc(NS(=O)(=O)c2c(C)cc(N3C(=O)CCS3(=O)=O)cc2C)cc1,-7.946447870929658,1
CC(=O)c1ccc(Nc2cc(C)nc3nc(-c4ccc(C)cc4)nn23)cc1,-8.068462585072,1
CC(=O)c1ccc(Nc2cc(C)nc3nc(-c4ccc(Cl)cc4)nn23)cc1,-8.140378964827628,1
CC(=O)c1ccc(Nc2cc(C)nc3nc(-c4ccccc4)nn23)cc1,-8.22010783920921,1
CC(=O)c1ccc(Nc2cc(C)nc3nc(Cc4ccccc4)nn23)cc1,-8.17496432181187,1
CC(=O)c1ccc(S(=O)(=O)NCCOc2ccc(-c3ccc(C)cc3)nn2)cc1,-8.012473009870966,1
CC(=O)c1ccc(S(=O)(=O)NCc2cn3c(C)csc3n2)cc1,-6.853838889042851,1
CC(=O)c1ccc(S(=O)(=O)[N-]c2c[nH+]c(N(C)Cc3ccccc3)c(C(=O)[O-])c2)cc1,-7.897034285365009,1
CC(=O)c1ccc([N-]S(=O)(=O)c2c(C)nc3sc(C)cn3c2=O)cc1,-7.377256924595989,1
CC(=O)c1ccc([N-]S(=O)(=O)c2ccc(-c3cc(C)[nH]n3)s2)cc1,-7.419456119292864,1
CC(=O)c1ccc([N-]S(=O)(=O)c2ccc(-c3cc(C)n[nH]3)s2)cc1,-6.794477497253313,1
CC(=O)c1cccc(N/C(=N\S(=O)(=O)c2ccc(F)cc2)c2ccccc2)c1,-7.703395364621297,1
CC(=O)c1cccc(NC(=O)CCS(=O)(=O)c2cc(-c3cc(C)no3)ccc2C)c1,-6.953869610202455,1
CC(=O)c1cccc(NC(=O)CCc2nc(CSc3nc4ccccc4s3)no2)c1,-7.077044830883736,1
CC(=O)c1cccc(NC(=O)CCn2c(=O)sc3ccccc32)c1,-7.259140370072648,1
CC(=O)c1cccc(NC(=O)CN2c3ccc(Br)cc3-c3ccccc3S2(=O)=O)c1,-6.128238434072781,1
CC(=O)c1cccc(NC(=O)CSc2nc3cc(Cl)ccc3s2)c1,-5.821668362841342,1
CC(=O)c1cccc(NC(=O)CSc2nnc3ccc(-c4ccc(C)cc4)nn23)c1,-5.196454059661983,1
CC(=O)c1cccc(NC(=O)C[C@@H]2Nc3cccc4cccc(c34)NC2=O)c1,-6.840432510468741,1
CC(=O)c1cccc(NC(=O)C[C@H](C)S(=O)(=O)c2ccc3c(c2)NC(=O)CS3)c1,-7.3831343427944995,1
CC(=O)c1cccc(NC(=O)C[C@H]2Nc3cccc4cccc(c34)NC2=O)c1,-9.043907801212256,1
CC(=O)c1cccc(NC(=O)[C@@H]2CCCN(S(=O)(=O)c3c(C)noc3/C=C/c3ccccc3)C2)c1,-6.183314966438742,1
CC(=O)c1cccc(NC(=O)[C@H]2CCCN(S(=O)(=O)c3c(C)noc3/C=C/c3ccccc3)C2)c1,-7.1308801803135005,1
CC(=O)c1cccc(N[C@H]2c3ccccc3C(=O)N2c2ccc(Cl)cn2)c1,-8.035567391955162,1
CC(C)(C)c1ccc(-c2nnc3sc(-c4ccc5c(c4)OCO5)nn23)cc1,-6.776937591144487,1
CC(C)(C)c1ccc(C(=O)Nc2ccc3[nH]c(=O)sc3c2)cc1,-7.098405399309829,1
CC(C)(C)c1ccc(OCC(=O)Nc2ccc3c(c2)NC(=O)CO3)cc1,-7.639010590601692,1
CC(C)C(=O)Nc1nc(-c2ccc3c(c2)NC(=O)CO3)cs1,-8.043258492911573,1
CC(C)Cc1nn2c(=O)cc(COC(=O)CNC(=O)c3ccco3)nc2s1,-5.271696812204926,1
CC(C)NC(=O)C[NH+]1CCN(c2ccc(C(=O)[O-])cc2NC(=O)c2ccc(F)cc2)CC1,-5.302259022656302,1
CC(C)NC(=O)c1cc(-c2ccc(F)cc2)on1,-7.264507124219174,1
CC(C)[C@@H](C(=O)Nc1ccc(C(N)=O)cc1)N1C(=O)c2ccccc2C1=O,-9.15176445575511,1
CC(C)[C@H](C(=O)Nc1ccc(C(N)=O)cc1)N1C(=O)c2ccccc2C1=O,-8.982046696111837,1
CC(C)c1ccc(/C=N/NC(=O)CCc2n[nH]c(=O)[n-]c2=O)cc1,-8.110811283319595,1
CC(C)c1ccc(/C=N/NC(=O)CCc2n[nH]c(=O)[nH]c2=O)cc1,-6.338053472684623,1
CC(C)c1ccc(NC(=O)C2CCN(c3cnccn3)CC2)cc1,-6.3743268507392825,1
CC(C)c1ccc(NC(=O)CCS(=O)(=O)c2ccc3c(c2)NC(=O)CO3)cc1,-8.830032010282903,1
CC(C)c1ccc(OCC(=O)Nc2ccc3c(c2)NC(=O)CO3)cc1,-7.746555747069208,1
CC(C)c1ccc(S(=O)(=O)Nc2cc(C(=O)[O-])ccc2N2CCN(CCC#N)CC2)cc1,-7.653735751108173,1
CC1(C)Cc2cccc(OCC(=O)Nc3ccc(OCC(N)=O)cc3)c2O1,-8.257099457530277,1
CC1=C(C(=O)OCCC#N)[C@@H](c2cccc([N+](=O)[O-])c2)NC(=O)N1,-7.499422250511501,1
CC1=C(C(=O)OCCC#N)[C@@H](c2ccccc2Cl)NC(=O)N1,-7.276454492304245,1
CC1=C(C(=O)OCCC#N)[C@H](c2cccc(Oc3ccccc3)c2)NC(=O)N1,-7.403180746645764,1
CC1=C(C(=O)OCCC#N)[C@H](c2cccc([N+](=O)[O-])c2)NC(=O)N1,-6.793037825093555,1
CC1=C(C(=O)OCCC#N)[C@H](c2ccccc2Cl)NC(=O)N1,-7.284311982297391,1
CC1=C(C(=O)OCc2ccc3c(c2)OCO3)[C@@H](c2ccc(O)cc2)NC(=O)N1,-7.020250935542894,1
CC1=Nc2nc(CCCO)nn2[C@@H](c2ccncc2)/C1=C(\[O-])Nc1ccccc1,-7.030930651774337,1
CC1=Nc2ncnn2[C@H](c2ccc([N+](=O)[O-])cc2)/C1=C(\[O-])OCc1ccccc1,-3.873097605086843,1
CC1CCN(S(=O)(=O)c2ccc(-c3nc(C#N)c(NCCCn4ccnc4)o3)cc2)CC1,-5.424917022861193,1
CCC(=O)N1CCN(c2ccc(Nc3ccccc3)nn2)CC1,-8.097869562239385,1
CCC(=O)N1CCN(c2ccc([N+](=O)[O-])c(NCc3ccccc3)c2)CC1,-7.654837949431075,1
CCC(=O)N1CCN(c2oc(-c3ccc(C)cc3)nc2S(=O)(=O)c2ccccc2)CC1,-7.54187128142124,1
CCC(=O)N1CCN(c2oc(-c3ccc(Cl)cc3)nc2S(=O)(=O)c2ccccc2)CC1,-7.794721831062345,1
CCC(=O)NCc1nc(-c2ccc(C)cc2)no1,-7.649503813607627,1
CCC(=O)NCc1nc(-c2ccc(Cl)cc2)no1,-7.744367826888617,1
CCC(=O)NCc1nc(-c2ccc(OC)cc2)no1,-7.681479864148843,1
CCC(=O)Nc1ccc(C(=O)N/N=C/c2ccc([N+](=O)[O-])cc2)cc1,-8.229994866147742,1
CCC(=O)Nc1ccc(C(=O)N/N=C/c2ccccc2)cc1,-8.445913998396286,1
CCC(=O)Nc1ccc(C(=O)OCc2cc(=O)n3c(C)csc3n2)cc1,-8.790836053126315,1
CCC(=O)Nc1ccc(C(=O)OCc2cc(=O)n3cc(C)sc3n2)cc1,-8.89614764990247,1
CCC(=O)Nc1ccc(C(=O)OCc2cc(=O)n3nc(CC)sc3n2)cc1,-8.748534806438975,1
CCC(=O)Nc1ccc(Nc2cc(N3CCCCC3)nc(C)n2)cc1,-7.58001712185083,1
CCC(=O)Nc1ccc(Nc2nc(C)cc(Nc3ccc(OC)cc3)n2)cc1,-8.300831968233492,1
CCC(=O)Nc1ccc(Nc2nc(C)cc(Nc3ccccc3)n2)cc1,-8.187684734495223,1
CCC(=O)Nc1ccc(OCc2cc(=O)n3cc(Cl)ccc3n2)cc1,-8.733451013297525,1
CCC(=O)Nc1ccc(OCc2cc(=O)n3ccc(C)cc3n2)cc1,-8.677537753599516,1
CCC(=O)Nc1ccc(OCc2cc(=O)n3nc(CC)sc3n2)cc1,-8.733021307376553,1
CCC(=O)Nc1ccc2c(c1)[nH+]c(CN1CCN(C(=O)c3ccccc3)CC1)n2C,-7.8432898063714465,1
CCC(=O)Nc1ccc2c(c1)nc(CCNC(=O)c1ccco1)n2C,-9.09394076188911,1
CCC(=O)Nc1ccc2nc(NC(C)=O)sc2c1,-9.318824369488423,1
CCC(=O)Nc1ccc2nc(SCC(=O)Nc3cccc(OC)c3)sc2c1,-8.41210491688905,1
CCC(=O)Nc1ccc2oc(-c3ccc(F)cc3)nc2c1,-9.03852214600857,1
CCC(=O)Nc1ccc2oc(-c3ccc(OC)cc3)nc2c1,-6.288000919502762,1
CCC(=O)Nc1cccc(C(=O)OCc2cc(=O)n3cc(C)sc3n2)c1,-8.254602401868402,1
CCC(=O)Nc1cccc(OCc2cc(=O)n3nc(C)sc3n2)c1,-8.04737104572524,1
CCC(=O)Nc1nc(-c2ccc3c(c2)NC(=O)CO3)cs1,-8.01478908504103,1
CCC(=O)Nc1nc2c(C)cc(NC(=O)NCc3cccc(OC)c3)cc2s1,-6.446173330739765,1
CCC(=O)Nc1nc2c(C)cc(NC(=O)Nc3ccccc3)cc2s1,-6.107291633284071,1
CCC(=O)Nc1nc2c(OC)cc(NC(=O)CC(C)C)cc2s1,-8.518939093032063,1
CCC(=O)Nc1nc2ccc(NC(=O)Nc3cccc(C)c3)cc2s1,-8.256776755477922,1
CCC(=O)Nc1nc2ccc(NC(=O)Nc3cccc(Cl)c3)cc2s1,-7.583691716071314,1
CCC(=O)Nc1nc2ccc(NC(=O)Nc3cccc(F)c3)cc2s1,-7.602490488024907,1
CCC(=O)Nc1nc2ccc(NC(=O)Nc3ccccc3)cc2s1,-7.837191750052602,1
CCC(=O)Nc1nc2ccc(NC(=O)c3cc(OC)cc(OC)c3)cc2s1,-7.253621936019418,1
CCC(=O)Nc1nc2ccc(NC(=O)c3ccc(F)c(Cl)c3)cc2s1,-6.733233254569527,1
CCC(=O)Nc1nc2ccc(NC(=O)c3ccc(F)cc3)cc2s1,-6.818343445667775,1
CCC(=O)Nc1nc2ccc(NC(=O)c3ccc(OC)c(OC)c3)cc2s1,-6.989323572573423,1
CCC(=O)Nc1nc2ccc(NC(=O)c3cccc(OC)c3)cc2s1,-6.523231525680194,1
CCC(=O)Nc1nc2ccc(NC(=O)c3ccccc3)cc2s1,-8.533955121513998,1
CCC(=O)Nc1nnc(CC(=O)N/N=C/c2ccc(Br)cc2)s1,-8.832891046422017,1
CCC(=O)[N-]c1nnc([C@@H]2CC(=O)N(c3ccc(C)c(C)c3)C2)s1,-5.996577201636569,1
CCC(CC)C(=O)Nc1nc(-c2ccc3c(c2)NC(=O)CO3)cs1,-8.418611902475204,1
CCCC(=O)NCc1nc(-c2ccc(C)cc2)no1,-6.6824496038129055,1
CCCC(=O)Nc1cc(OC)c2nc(NC(=O)CC)sc2c1,-8.592013762994316,1
CCCC(=O)Nc1ccc(C(=O)OCc2cc(=O)n3nc(C)sc3n2)cc1,-7.537190444166102,1
CCCC(=O)Nc1ccc(S(=O)(=O)Nc2ccc3c(c2)CCCN3S(=O)(=O)CC)cc1,-7.197181036243127,1
CCCC(=O)Nc1ccc(SCc2cc(=O)n3c(ncn3C(C)C)n2)cc1,-7.145082691493652,1
CCCC(=O)Nc1ccc2c(c1)nc(CN1CCN(Cc3ccccc3)CC1)n2C,-4.537081052317924,1
CCCC(=O)Nc1ccc2c(c1)nc(CN1CC[NH+](CC)CC1)n2CC,-5.538393261102089,1
CCCC(=O)Nc1ccc2c(c1)nc1n2CCN(CCOC)C1,-6.67056216273556,1
CCCC(=O)Nc1nc(-c2ccc3c(c2)NC(=O)CO3)cs1,-8.752998930030024,1
CCCCOC(=O)c1ccc(NC(=O)Cc2csc(NC(C)=O)n2)cc1,-6.771326564622856,1
CCCCOc1ccc(N2C(=O)C[C@@H]([N@H+]3CC[C@H](C(N)=O)CC3)C2=O)cc1,-8.665442537187161,1
CCCCc1nn2c(=O)cc(COC(=O)c3cccc(NC(=O)CC)c3)nc2s1,-6.519477582191857,1
CCCCc1nn2c(=O)cc(COC(=O)c3cccc(NC(C)=O)c3)nc2s1,-6.529183564942931,1
CCCN(CCC)c1[nH+]cc([N-]S(=O)(=O)c2ccc(C(C)=O)cc2)cc1C(=O)[O-],-6.897366608432339,1
CCCN1CNC(=NS(=O)(=O)c2ccc(NC(C)=O)cc2)NC1,-8.53649105622978,1
CCCNC(=O)CC1CCN(C(=O)c2cc(OC)c(OC)c(OC)c2)CC1,-7.841008689970816,1
CCCNC(=O)CC1CCN(S(=O)(=O)c2ccc(Cl)cc2)CC1,-7.628493233705719,1
CCCNC(=O)COCc1nnc(C(=O)Nc2cccc(Cl)c2)s1,-7.059584488394237,1
CCCNC(=O)CSCc1nnc(C(=O)Nc2ccc(F)cc2)s1,-6.846940712308404,1
CCCNC(=O)Nc1ccc2nc(NC(=O)CC)sc2c1,-9.295327401342036,1
CCCNC(=O)c1cc(-c2ccc(Cl)cc2)on1,-6.2332953091363015,1
CCCNC(=O)c1cc(-c2ccc(F)cc2)on1,-7.171808517358663,1
CCCNC(=O)c1cc(-c2ccc(O)cc2)on1,-7.065466362794034,1
CCCNC(=O)c1ccc(-n2ncc(C(=O)OC)c2N)cc1,-6.094161358963076,1
CCCNC(=O)c1ccc(NC(=O)c2nsc3ccccc23)cc1,-6.186467981093101,1
CCCNC(=O)c1ccc2c(=O)n(-c3ccc(F)cc3)c(SCC(=O)c3ccccc3)nc2c1,-7.202697840943216,1
CCCNC(=O)c1ccc2c(=O)n(-c3cccc(F)c3)c(SCc3ccccc3)nc2c1,-7.264555137846649,1
CCCNC(=O)c1ccc2c(=O)n(-c3cccc(OC)c3)c(SCc3cccc(OC)c3)nc2c1,-7.173144520400665,1
CCCNC(=O)c1ccc2c(=O)n(-c3cccc(OC)c3)c(SCc3ccccc3)nc2c1,-7.227101507681111,1
CCCNC(=O)c1ccc2c(c1)CCN2S(=O)(=O)CC,-7.610226251762603,1
CCCNC(=O)c1ccc2c(c1)CCN2S(=O)(=O)c1ccc(Cl)cc1,-7.973207286711342,1
CCCOC(=O)c1ccc(-n2nnnc2SCC(=O)N2CCCCC2)cc1,-6.524470119122472,1
CCCOC(=O)c1ccc(NC(=O)COc2ccc(OC)cc2)cc1,-6.408485100875302,1
CCCOC(=O)c1ccc(NC(=O)CSc2nc(=O)[n-]nc2C)cc1,-6.175430684739409,1
CCCOC(=O)c1ccc(NC(=O)c2ccc(Cl)c([N+](=O)[O-])c2)cc1,-6.922573038119025,1
CCCOc1ccc(N2C(=O)C[C@H](Nc3ccc(CCO)cc3)C2=O)cc1,-7.528788965857121,1
CCCOc1ccc([C@@H]2CC(=O)Nc3c2cnn3-c2ccc(F)cc2)cc1,-5.552052969020904,1
CCCOc1cccc(C(=O)Nc2ccc(-c3nc4ncccc4o3)cc2)c1,-6.448578911276942,1
CCCS(=O)(=O)N1CCCc2cc(NS(=O)(=O)c3ccc(NC(=O)CC)cc3)ccc21,-8.582974205909679,1
CCCSc1nc2c(c(=O)[nH]1)[C@@H](c1ccc(OCC(N)=O)cc1)CC(=O)N2,-8.301266051950597,1
CCC[NH+]1C[N-]C(=NS(=O)(=O)c2ccc(NC(C)=O)cc2)[N-]C1,-6.886698032621279,1
CCCc1cc(C(=O)Nc2ccc(C(C)=O)cc2)no1,-7.425243953152766,1
CCCc1cc([C@@H]2CCCN2C(=O)Nc2ccc(CC(=O)OCC)cc2)no1,-6.961975919261727,1
CCCc1ccc(S(=O)(=O)N[C@@H]2COc3ccc(OC)cc3C2)cc1,-5.981199506202259,1
CCCc1nc(SC)ncc1C(=O)Nc1ccc(C(C)=O)cc1,-6.5768748295380615,1
CCCc1nn2c(=O)cc(COc3cccc(NC(=O)CC)c3)nc2s1,-8.368857482484737,1
CCCn1c(=O)[nH]c2cc(-c3noc(-c4cc(OC)cc(OC)c4)n3)ccc21,-7.445374487752705,1
CCCn1c(=O)[nH]c2cc(-c3noc(-c4ccc(C)c(NC(C)=O)c4)n3)ccc21,-8.133725127991188,1
CCCn1c(=O)oc2cc(NC(=O)c3cc(OC)cc(OC)c3)ccc21,-7.352254247303787,1
CCCn1c(=O)oc2cc(NC(=O)c3ccc(OC)cc3)ccc21,-6.19674859902349,1
CCCn1c(=O)oc2cc(NC(=O)c3cccc(C)c3)ccc21,-7.490462969314183,1
CCCn1c(=O)oc2cc(NC(=O)c3cccc(OC)c3)ccc21,-7.502491176827535,1
CCN(C(=O)CCc1nc(-c2ccc(OC)cc2)no1)c1ccccc1F,-6.5224260076179785,1
CCN(CC)C(=O)c1ccc2c(c1)N(CC(=O)Nc1ccc(C(C)=O)cc1)C(=O)CO2,-8.187901364285095,1
CCN(CC)C(=O)c1ccc2c(c1)N(CC(=O)Nc1ccc(NC(C)=O)cc1)C(=O)CS2,-8.89534219904442,1
CCN(CC)S(=O)(=O)c1ccc(-c2nc(C#N)c(N3CCC(C(N)=O)CC3)o2)cc1,-8.225148554972899,1
CCN1C(=O)COc2ccc(-c3csc(NC(C)=O)n3)cc21,-6.480787517937678,1
CCN1C(=O)C[C@H](C(=O)Nc2ccc(OC)cc2)S/C1=N\c1cccc(F)c1,-6.093956268285793,1
CCN1C(=O)Cc2cc(NC(=O)c3ccc(C)cc3)ccc21,-6.55837885899897,1
CCN1CCN(Cc2nc3cc(NC(C)=O)ccc3n2C(C)C)CC1,-7.556478592871372,1
CCNC(=O)C1CCN(S(=O)(=O)Cc2ccccc2)CC1,-8.115177233090073,1
CCNC(=O)C1CCN(c2nc(-c3ccc(OC)cc3)no2)CC1,-8.557228509896094,1
CCNC(=O)Cc1csc(NC(=O)Nc2ccccc2)n1,-9.497238271658969,1
CCNC(=O)c1ccc(-n2nc(Sc3ccc(C)cc3)ccc2=O)cc1,-8.385369331402968,1
CCNC(=O)c1ccc(-n2ncc(C(=O)OC)c2N)cc1,-8.356445487272813,1
CCNC(=O)c1ccc(CSc2nc3cccnc3n2Cc2ccc(F)cc2)cc1,-9.042865758326032,1
CCNC(=O)c1ccc(Cn2c(SCc3ccc(F)cc3)nc3cccnc32)cc1,-8.710958981557953,1
CCNC(=O)c1ccc(Cn2c(SCc3ccccc3)nc3cccnc32)cc1,-9.294547731155047,1
CCNC(=O)c1ccc(Cn2c(SCc3ccccc3)nc3ccncc32)cc1,-9.383590437704786,1
CCNC(=O)c1ccc(Cn2c(SCc3ccccc3C)nc3ccncc32)cc1,-9.280507503098171,1
CCNC(=O)c1ccc(Nc2c(-c3ccc(C)cc3)nc3cnccn23)cc1,-9.032397412438662,1
CCNC(=O)c1ccc2c(c1)CCN2S(C)(=O)=O,-8.649587087789785,1
CCNc1nc(NCC)nc(Oc2ccc(C(=O)OC)cc2)n1,-7.363031977940458,1
CCO/C([O-])=C1\C(C)=Nc2nnnn2[C@@H]1c1ccc(C(=O)OC)cc1,-7.27377173207182,1
CCOC(=O)C1=C(C)NC(=O)N[C@@H]1c1ccc(OCC(N)=O)cc1,-8.774748603012894,1
CCOC(=O)C1=C(C)NC(=O)N[C@H]1c1ccc(OCC(N)=O)cc1,-8.948087996545778,1
CCOC(=O)C1=C(CN2CCN(CCC#N)CC2)NC(=O)N[C@H]1c1cc(C)ccc1C,-6.964941553927245,1
CCOC(=O)C1=C(CN2CCN(CCC#N)CC2)NC(=O)N[C@H]1c1ccc(Cl)cc1,-7.0700345576832,1
CCOC(=O)C1CCN(C(=O)c2ccc(F)cc2)CC1,-6.993279759030116,1
CCOC(=O)C1CCN(c2cc(C)nc3nc(-c4ccc(C)cc4)nn23)CC1,-7.242916642012748,1
CCOC(=O)CNC(=O)CSc1nnc2n1CCN2c1ccc(OC)cc1,-6.536708916109482,1
CCOC(=O)CSc1ncnc2sc3c(c12)CC[C@H](C)C3,-6.386353186515272,1
CCOC(=O)Cc1ccc(NC(=O)N2CCC[C@H]2c2ccc(C)cc2)cc1,-7.259445114107383,1
CCOC(=O)Cc1ccc(NC(=O)Nc2nnc(N3CCC[C@H](C)C3)s2)cc1,-5.612719486678616,1
CCOC(=O)Cn1c(=O)oc2cc(S(=O)(=O)Nc3ccc(C)cc3)ccc21,-5.761476017847321,1
CCOC(=O)N/N=C\c1ccc(-c2ccc(Br)cc2)o1,-6.764313057607617,1
CCOC(=O)N1CCC(NC(=O)C[S@](=O)Cc2nc(-c3cccc(C)c3)oc2C)CC1,-7.227844036809255,1
CCOC(=O)N1CCN(Cc2nc3cc(NC(=O)c4ccco4)ccc3n2C)CC1,-5.029474920218942,1
CCOC(=O)Nc1ccc(-c2nc3ccc(C)cc3s2)cc1,-7.720518180972516,1
CCOC(=O)[C@](NC(=O)c1ccc(OC)cc1)(Nc1ccc(C(C)=O)cc1)C(F)(F)F,-7.434240509977016,1
CCOC(=O)c1[nH]c(C)c(CCC(=O)N2CCC(C(=O)NCCOC)CC2)c1C,-6.927021114848711,1
CCOC(=O)c1c(C)[nH]c(C)c1S(=O)(=O)Nc1ccc(C(C)=O)cc1,-8.03374193970041,1
CCOC(=O)c1c(C)[nH]c(NC(=O)Nc2ccc(NC(C)=O)cc2)c1C,-7.539154425981591,1
CCOC(=O)c1c(C)oc2ccc(OCC#N)cc12,-7.98444269780673,1
CCOC(=O)c1c(C)oc2ccc(OCC(=O)OC)cc12,-8.375481690281832,1
CCOC(=O)c1cc(-c2ccc(Br)cc2)no1,-6.521157046906947,1
CCOC(=O)c1cc(-c2ccc(C)cc2)no1,-7.753894784879741,1
CCOC(=O)c1cc(-c2ccc(F)cc2)no1,-6.495852369450633,1
CCOC(=O)c1cc(-c2ccc(OC)c(S(=O)(=O)NCc3cccc(OC)c3)c2)on1,-6.662999756506873,1
CCOC(=O)c1cc(-c2ccc(S(=O)(=O)NCc3ccc(F)cc3)s2)on1,-6.446554282278724,1
CCOC(=O)c1cc(-c2ccc(S(=O)(=O)Nc3ccc(C)cc3)s2)on1,-5.92176715942026,1
CCOC(=O)c1cc(-c2ccc(S(=O)(=O)Nc3ccc(CC)cc3)s2)on1,-4.747321989316312,1
CCOC(=O)c1cc(-c2ccc(S(=O)(=O)Nc3ccc(NC(C)=O)cc3)s2)on1,-8.059488092747566,1
CCOC(=O)c1cc(-c2ccc(S(=O)(=O)Nc3ccccc3C)s2)on1,-5.164588351464177,1
CCOC(=O)c1cc(-c2ccc(S(=O)(=O)[N-]c3c(C)cccc3C)s2)on1,-6.833832510311846,1
CCOC(=O)c1cc(-c2ccc(S(=O)(=O)[N-]c3ccc(C#N)cc3)s2)on1,-6.3413303545747,1
CCOC(=O)c1cc(-c2ccc(S(=O)(=O)[N-]c3ccc(C(C)=O)cc3)s2)on1,-7.105864170557078,1
CCOC(=O)c1cc(-c2ccc(S(=O)(=O)[N-]c3ccc(C)c(C)c3)s2)on1,-7.915504596171507,1
CCOC(=O)c1cc(-c2ccc(S(=O)(=O)[N-]c3ccc(C)c(F)c3)s2)on1,-7.4117165387148285,1
CCOC(=O)c1cc(-c2ccc(S(=O)(=O)[N-]c3ccc(C)cc3)s2)on1,-6.700738331489395,1
CCOC(=O)c1cc(-c2ccc(S(=O)(=O)[N-]c3cccc(F)c3)s2)on1,-6.332382743626484,1
CCOC(=O)c1cc(-c2ccc(S(=O)(=O)[N-]c3cccc([N+](=O)[O-])c3)s2)on1,-6.147903942239189,1
CCOC(=O)c1cc(-c2ccc(S(=O)(=O)[N-]c3ccccc3C)s2)on1,-7.904475451824665,1
CCOC(=O)c1cc(-c2ccccc2)no1,-6.527623529482877,1
CCOC(=O)c1cc(NC(=O)Nc2ccc(NC(C)=O)cc2)c(C)nc1C,-7.016034341637986,1
CCOC(=O)c1cc(S(=O)(=O)[N-]c2ccc(C(N)=O)cc2)n[nH]1,-7.781261464471008,1
CCOC(=O)c1cc(S(=O)(=O)[N-]c2ccc(NC(C)=O)cc2)n[nH]1,-8.547615634567713,1
CCOC(=O)c1cc2n(n1)C[C@@](C)(C(=O)NC1CCCCCCC1)N(c1ccc(C)cc1)C2=O,-6.035520697695787,1
CCOC(=O)c1ccc(-c2ccc(/C=N\NC(=O)OC)o2)cc1,-7.19462683864735,1
CCOC(=O)c1ccc(N2CC3=C(C2=O)[C@@H](c2ccccc2)NC(=O)N3C)cc1,-6.941280068942034,1
CCOC(=O)c1ccc(NC(=O)COc2cccc(-c3nc(-c4ccccc4)no3)c2)cc1,-7.9433249435068465,1
CCOC(=O)c1ccc(NC(=O)CSc2nc(C)cc(=O)[nH]2)cc1,-7.497402795816569,1
CCOC(=O)c1ccc(NC(=O)CSc2nc(N)cc(=O)[nH]2)cc1,-7.520013653628989,1
CCOC(=O)c1ccc(NC(=O)CSc2ncc(S(=O)(=O)c3ccccc3)c(N)n2)cc1,-6.5642016750384,1
CCOC(=O)c1ccc(NC(=O)C[C@@H]2Nc3ccccc3NC2=O)cc1,-7.16065220679679,1
CCOC(=O)c1ccc(NC(=O)C[C@H]2Nc3ccccc3NC2=O)cc1,-7.140238673364503,1
CCOC(=O)c1ccc(NC(=O)N2CCC[C@@H]2c2ccc(C)cc2)cc1,-6.931241047557856,1
CCOC(=O)c1ccc(NC(=O)[C@H]2CN(S(C)(=O)=O)c3ccccc3O2)cc1,-7.287635269951762,1
CCOC(=O)c1ccc(NC(=O)c2c(C)[nH]c(C(=O)OCC)c2C)cc1,-6.48933928003025,1
CCOC(=O)c1ccc(NC(=O)c2c[nH]c(=O)n(-c3ccc(OC)cc3)c2=O)cc1,-7.210114538813455,1
CCOC(=O)c1ccc(NC(=O)c2ccc(Cl)c([N+](=O)[O-])c2)cc1,-6.9883171387338265,1
CCOC(=O)c1ccc(NC(=O)c2ccc(Cl)cc2[N+](=O)[O-])cc1,-7.069281708905191,1
CCOC(=O)c1ccc(NC(=O)c2ccco2)cc1,-6.715234329611165,1
CCOC(=O)c1ccc(NC(=O)n2ncc3ccc(C)cc32)cc1,-6.758986762672583,1
CCOC(=O)c1ccc(NC2=C(Cl)C(=O)O[C@@H]2OC(=O)c2ccccc2C)cc1,-7.15454552720756,1
CCOC(=O)c1ccc(N[C@@H]2SC(=O)N(c3ccccc3)C2=O)cc1,-7.18395672303193,1
CCOC(=O)c1ccc(N[C@H]2SC(=O)N(c3ccccc3)C2=O)cc1,-7.780798522731311,1
CCOC(=O)c1ccc(N[C@H]2c3ccccc3C(=O)N2c2ccc(C)cn2)cc1,-7.219843026382929,1
CCOC(=O)c1ccc(N[C@H]2c3ncccc3C(=O)N2c2ccc(OCC)cc2)cc1,-7.299837811616891,1
CCOC(=O)c1ccc(Nc2c(-c3ccc(Cl)cc3)nc3cnccn23)cc1,-7.108923127719704,1
CCOC(=O)c1ccc(Nc2c(-c3ccc(OC)cc3)nc3cnccn23)cc1,-7.657739597700148,1
CCOC(=O)c1ccc(Nc2c(-c3ccccc3)nc3cnccn23)cc1,-7.619787382083864,1
CCOC(=O)c1ccc(Nc2nc(N)c(C(=O)c3cc(C)ccc3C)s2)cc1,-7.469498420652232,1
CCOC(=O)c1ccc([N-]S(=O)(=O)c2cc(C(=O)OCC)[nH]n2)cc1,-6.744414801089147,1
CCOC(=O)c1cccc(NC(=O)CCS(=O)(=O)c2cc(-c3cc(C)no3)ccc2C)c1,-7.322100927295833,1
CCOC(=O)c1cccc(Nc2nc3ccccc3c3nnc(CC)n23)c1,-6.688428080474565,1
CCOC(=O)c1cccc([N-]S(=O)(=O)c2ccc(-c3cc(C(=O)OCC)no3)s2)c1,-6.430666190139181,1
CCOC(=O)c1cnc(S[C@H](CC)C(=O)Nc2ccc(C(=O)OC)cc2)nc1N,-7.31065255055543,1
CCOC(=O)c1nc(Nc2ccc(C(=O)OC)cc2)c2ccccc2n1,-8.283401636500006,1
CCOC(=O)c1nc(Nc2ccc(NC(C)=O)cc2)c2c(C)noc2n1,-8.17497799327242,1
CCOC(CNC(=O)[C@@H]1CCCN(S(=O)(=O)c2ccc3c(c2)oc(=O)n3C)C1)OCC,-7.890421906007442,1
CCOCCCNC(=O)CSc1nc2nc(C)c(Cc3c(F)cccc3Cl)c(C)n2n1,-6.11413888908921,1
CCOCCCNC(=O)[C@@]1(C)CCC(=O)N1CCc1ccc(C)cc1,-6.626611777296517,1
CCOCCCNC(=O)c1c(-c2ccc(Br)cc2)noc1C,-6.058610816477461,1
CCOCCCNC(=O)c1ccc(C[S@](=O)Cc2ccc(C)cc2)o1,-6.359988890652543,1
CCOCCCNC(=O)c1ccc2c(c1)N(Cc1cc(C)ccc1C)C(=O)CS2,-6.513358858929365,1
CCOCCCNC(=O)c1nn(-c2ccc(F)cc2)nc1CO,-7.081362121647806,1
CCOc1cc([C@@H]2CC(=O)Nc3c2cnn3-c2cccc(Cl)c2)ccc1OCC(N)=O,-7.97363989115757,1
CCOc1cc([C@H]2CC(=O)Nc3c2cnn3-c2ccc(F)cc2)ccc1OCC(N)=O,-8.297301415113111,1
CCOc1cc([C@H]2CC(=O)Nc3nc(SCc4ccccc4F)[nH]c(=O)c32)ccc1OCC(N)=O,-8.022120834539466,1
CCOc1ccc(-c2nnc(SCC(=O)Nc3cccc(C(C)=O)c3)o2)cc1,-7.680414710596482,1
CCOc1ccc(-n2c(=O)[nH]cc(C(=O)Nc3ccc(C(N)=O)cc3)c2=O)cc1,-8.96601433474818,1
CCOc1ccc(-n2c(CSc3ncccn3)nnc2SCC(N)=O)cc1,-7.816009698646393,1
CCOc1ccc(CCNC(=O)CCCN2C(=O)c3cccnc3Sc3ccccc32)cc1,-7.982102759208148,1
CCOc1ccc(CCNC(=O)c2ccc(C[S@](=O)c3ccc(OC)cc3)o2)cc1,-8.809914732457555,1
CCOc1ccc(CNC(=O)CCc2ccc3nc(NC(C)=O)sc3c2)cc1,-9.589231167407045,1
CCOc1ccc(CNC(=O)CCn2c(=O)oc3ccccc32)cc1,-8.123311199220629,1
CCOc1ccc(CNC(=O)c2cc3n(n2)C[C@@](C)(C(=O)NC2CCCC2)N(CC)C3=O)cc1,-6.767060312687495,1
CCOc1ccc(CNC(=O)c2cc3n(n2)C[C@](C)(C(=O)NCc2ccc(C)cc2)N(C)C3=O)cc1,-7.004810520509912,1
CCOc1ccc(CNC(=O)c2cc3n(n2)C[C@](C)(C(=O)NCc2ccc(F)cc2)N(C)C3=O)cc1,-6.938208565455416,1
CCOc1ccc(CNC(=O)c2ccc(C[S@](=O)Cc3ccc(C)cc3)o2)cc1,-8.125819046439302,1
CCOc1ccc(CNCc2c(C(=O)[O-])c(C)n(Cc3ccc(F)cc3)c2C)cc1,-5.668973234019674,1
CCOc1ccc(N2C(=O)C[C@@H](N3CCC(C(N)=O)CC3)C2=O)cc1,-5.616515589689077,1
CCOc1ccc(N2C(=O)C[C@@H]([N@H+]3CC[C@H](C(N)=O)CC3)C2=O)cc1,-9.481469225857577,1
CCOc1ccc(N2C(=O)C[C@H]([N@H+]3CC[C@H](C(N)=O)CC3)C2=O)cc1,-9.49463099452746,1
CCOc1ccc(NC(=O)N2CC(=O)N(CC(=O)NCc3cccc(C)c3)c3ccccc32)cc1,-5.599287846162467,1
CCOc1ccc(Nc2cc(C)nc3nc(-c4ccco4)nn23)cc1,-6.64137672767425,1
CCOc1ccc(OCc2nc3ccc(OC)cc3[nH]2)cc1,-7.250177295517695,1
CCOc1ccc2nc(NC(=O)c3ccc(C)cc3)sc2c1,-6.927088933027994,1
CCOc1ccc2nc(NC(=O)c3cccc(F)c3)sc2c1,-6.924916891972804,1
CCOc1cccc(C(=O)Nc2ccc(-c3nc4ncccc4o3)cc2)c1,-5.18578262622842,1
CCOc1ccccc1NC(=O)Nc1ccc2nc(NC(=O)CC)sc2c1,-7.071648766577404,1
CCOc1ccccc1NC(=O)Nc1ccc2nc(NC(C)=O)sc2c1,-7.18846300213249,1
CCOc1ccccc1[C@H]1CC(=O)[NH+]=C(SCC(N)=O)[C@H]1C#N,-8.449656107916184,1
CCS(=O)(=O)N1CCN(Cc2nc(-c3ccc(C(=O)NC)cc3)oc2C)CC1,-8.800486419348497,1
CCS(=O)(=O)c1ncc(Cl)c(C(=O)Nc2ccc(NC(C)=O)cc2)n1,-7.714286537408957,1
CCSc1ncc(Cl)c(C(=O)Nc2ccc(NC(C)=O)cc2)n1,-8.128563641672603,1
CC[C@@H](Sc1nc2ncccc2[nH]1)C(=O)Nc1ccc(C(C)=O)cc1,-8.835733782966086,1
CC[C@@H]1CN(C(=O)N2CCC(C(=O)NCCCOC)CC2)c2cc(C)ccc2O1,-6.362417803478154,1
CC[C@@H]1Oc2ccc(S(=O)(=O)N3CCN(C(=O)c4cccc(C)c4)CC3)cc2NC1=O,-7.160853370876028,1
CC[C@H]1CN(C(=O)N2CCC(C(=O)NCCCOC)CC2)c2ccccc2O1,-6.293463488256348,1
CC[C@H]1Sc2ccc(S(=O)(=O)CCC(=O)Nc3cc(OC)ccc3OC)cc2NC1=O,-6.013450517068091,1
CC[N@@H+](Cc1ccc(OC)cc1)Cc1cc(=O)n2c(C)csc2n1,-7.952548381486257,1
CCc1c(C)nc2nc(-c3ccccc3)nn2c1Nc1ccc(C(C)=O)cc1,-8.130837826943996,1
CCc1cc(C)cc(OCCOc2ccccc2[C@@H]2SC(NC(C)=O)=NN2C(C)=O)c1,-3.570598462483201,1
CCc1ccc(-c2ccc(=O)[nH]n2)cc1S(=O)(=O)Nc1ccc(C(C)C)cc1,-7.295302287307038,1
CCc1ccc(-c2ccc3nnc(SCC(=O)NCc4ccc5c(c4)OCO5)n3n2)cc1,-6.803998587742131,1
CCc1ccc(-c2nc(CSCC(=O)NCCCOC)c(C)o2)cc1,-6.37605299567782,1
CCc1ccc(-n2nc(CO)c(C(=O)NCCCOC)n2)cc1,-7.084926866670323,1
CCc1ccc(N2C[C@H](c3nnc(NC(=O)c4ccc(NC(=O)C(C)C)cc4)s3)CC2=O)cc1,-4.903242957729615,1
CCc1ccc(NC(=O)CSc2nnnn2-c2ccc(C(N)=O)cc2)cc1,-9.646113268421566,1
CCc1ccc(NC(=O)Nc2ccc3c(c2)oc(=O)n3C)cc1,-7.26949480828891,1
CCc1ccc(NC(=O)[C@@H]2CC(c3ccc(OC)cc3)=NO2)cc1,-6.791328894132424,1
CCc1ccc(NC(=O)[C@H]2CCCN(S(=O)(=O)c3ccc4[nH]c(=O)oc4c3)C2)cc1,-8.009805457100038,1
CCc1ccc(NS(=O)(=O)c2ccc3c(c2)oc(=O)n3C)cc1,-7.487737266915329,1
CCc1ccc(OCC(=O)Nc2ccc3c(c2)NC(=O)CO3)cc1,-8.281260887914618,1
CCc1ccc(S(=O)(=O)Nc2ccc3nc(NC(C)=O)sc3c2)cc1,-8.29102685071816,1
CCc1ccc(S(=O)(=O)c2nnn3c2nc(Nc2ccc(NC(C)=O)cc2)c2sccc23)cc1,-8.47565936689216,1
CCc1ccc([C@@H]2C[C@H](c3cccc(OC)c3)Nc3ncnn32)cc1,-7.073977422301395,1
CCc1ccc([C@H]2C[C@@H](c3ccc(OC)cc3)n3ncnc3N2)cc1,-7.499223672396803,1
CCc1cccc(C)c1Nc1c(-c2ccc(C(=O)NC)cc2)nc2cnccn12,-9.348586537913286,1
CCc1cccc(NC(=O)CCS(=O)(=O)c2ccc3c(c2)CC(=O)N3C)c1,-7.625386806881206,1
CCc1nc(SC)ncc1C(=O)Nc1ccc(C(C)=O)cc1,-7.5404438256443,1
CCc1nc(SC)ncc1C(=O)Nc1ccc(NC(C)=O)cc1,-8.05509742613231,1
CCc1nn2c(=O)cc(COC(=O)c3ccc(NC(=O)c4ccco4)cc3)nc2s1,-7.4774270882037746,1
CCc1nn2c(=O)cc(COc3ccc(NC(=O)c4ccco4)cc3)nc2s1,-5.481556660526541,1
CCn1c(=O)[nH]c2cc(-c3noc(-c4ccc(C)c(NC(=O)c5ccco5)c4)n3)ccc21,-7.502136488730589,1
CCn1c(=O)oc2cc(NC(=O)c3cccc(C)c3)ccc21,-7.6048957743217,1
CCn1c(=O)oc2cc(NC(=O)c3cccc(Cl)c3)ccc21,-7.535756217251726,1
CCn1nnc2cc(-c3noc(COc4ccc(OC)cc4)n3)ccc21,-7.074981848165373,1
CN(C)S(=O)(=O)c1ccc(-c2nc(C#N)c(N3CCC(C(N)=O)CC3)o2)cc1,-8.744817126622529,1
CN(CC(=O)NCc1ccc(Cl)cc1)S(=O)(=O)c1ccc2c(c1)NC(=O)CO2,-8.26162206473498,1
CN(CC(=O)NCc1ccc(F)cc1)S(=O)(=O)c1ccc2c(c1)NC(=O)CO2,-8.786951165347807,1
CN(CC(=O)NCc1ccccc1Cl)S(=O)(=O)c1cc2c(cc1Cl)NC(=O)CO2,-6.321180023416509,1
CN(CC(=O)Nc1ccc(F)cc1)S(=O)(=O)c1ccc2c(c1)NC(=O)CO2,-8.53345852330917,1
CNC(=O)CCc1cn(Cc2ccccc2C)c2ccccc12,-8.108238072925266,1
CNC(=O)CSc1cn(CC(=O)N2CCC(C)CC2)c2ccccc12,-8.718554423392414,1
CNC(=O)Cn1c(CO)cnc1SCC(=O)Nc1cccc(NC(C)=O)c1,-8.78936554986645,1
CNC(=O)[C@H]1CCCN(c2nn3cc(-c4ccc(OC)cc4)nc3s2)C1,-6.387422801499247,1
CNC(=O)c1ccc(-c2nc(CN3CCN(C(=O)NCCc4ccccc4)CC3)c(C)o2)cc1,-7.558765068284894,1
CNC(=O)c1ccc(-c2nc(C[NH+]3CCN(S(C)(=O)=O)CC3)c(C)o2)cc1,-8.145837901132419,1
CNC(=O)c1ccc(CN2C(=O)CCn3nccc32)cc1,-9.181277922454134,1
CNC(=O)c1ccc(CSc2nc3cccnc3n2Cc2ccccc2)cc1,-8.665507016394383,1
CNC(=O)c1ccc(Cn2c(SCc3ccc(F)cc3)nc3cc[nH+]cc32)cc1,-7.97716019469544,1
CNC(=O)c1ccc(Cn2c(SCc3cccc(C)c3)nc3cc[nH+]cc32)cc1,-8.278245102139216,1
CNC(=O)c1ccc(Cn2c(SCc3cccc(F)c3)nc3cccnc32)cc1,-9.101763999647448,1
CNC(=O)c1ccc(Nc2c(-c3ccc(C)cc3)nc3cnccn23)cc1,-9.065850479054983,1
CNC(=O)c1ccc(Nc2c(-c3ccc(OC)c(OC)c3)nc3cnccn23)cc1,-9.507681556772004,1
CNC(=O)c1ccc(Nc2c(-c3ccc(OC)cc3)nc3cnccn23)cc1,-9.281037136817083,1
CNC(=O)c1ccc([C@@H]2Nc3cc(C(F)(F)F)ccc3S(=O)(=O)N2)cc1,-8.67500135123118,1
CNC(=O)c1ccc([C@H]2Nc3cc(C(F)(F)F)ccc3S(=O)(=O)N2)cc1,-8.379639223999295,1
CO/C([O-])=C1/C(=O)N[C+](SCC(N)=O)[C@H](C#N)[C@@H]1c1ccc(C)cc1,-8.044265155632642,1
COC(=O)C1=C(C)NC2=C[C@@H](c3ccc(OC)cc3)CC(O)=C2[C@H]1c1cccc(OC)c1,-6.257054929423025,1
COC(=O)C1=C([O-])NC(SCC(N)=O)=C(C#N)[C@H]1c1ccc(Cl)cc1,-8.421406743567617,1
COC(=O)CCC(=O)Nc1cccc(-c2nc(-c3ccc(OC)cc3)no2)c1,-7.572290125833623,1
COC(=O)CCCNc1cc(C)nc2nc(-c3ccc(Cl)cc3)nn12,-6.782617743579882,1
COC(=O)CCCNc1cc(C)nc2nc(-c3ccc(OC)cc3)nn12,-6.851637902216013,1
COC(=O)COc1ccc([C@H]2NC(=O)NC(C)=C2C(=O)OC)cc1,-7.148466996324422,1
COC(=O)CSc1nc2c(cnn2-c2ccc(Cl)cc2)c(=O)[nH]1,-7.338047860812847,1
COC(=O)c1cc(-c2ccc(S(=O)(=O)[N-]c3ccc(C(C)=O)cc3)s2)on1,-5.950603199578198,1
COC(=O)c1cc(S(=O)(=O)NCc2ccc(OC)cc2)cn1C,-6.544000466095993,1
COC(=O)c1cc2ccsc2n1CC(=O)Nc1ccc(C(C)=O)cc1,-7.835312616135965,1
COC(=O)c1ccc(-c2nc(C(N)=O)c3c(n2)n(-c2ccc(F)cc2)c(=O)n3Cc2ccccc2)cc1,-8.065694235987415,1
COC(=O)c1ccc(-c2nc3cnccn3c2Nc2c(C)cccc2C)cc1,-7.544527539654624,1
COC(=O)c1ccc(-c2nc3cnccn3c2Nc2ccc(OC)c(OC)c2)cc1,-7.714463850328836,1
COC(=O)c1ccc(-c2nc3cnccn3c2Nc2ccccc2C)cc1,-7.739133428799395,1
COC(=O)c1ccc(-n2nnc(-c3nc(-c4ccc(C)cc4)no3)c2C)cc1,-6.650905753369006,1
COC(=O)c1ccc(-n2nnc(-c3nc(-c4ccccc4)no3)c2C)cc1,-6.648173827508643,1
COC(=O)c1ccc(-n2nnnc2SCC(=O)N2CCCCC2)cc1,-7.775865209059331,1
COC(=O)c1ccc(-n2nnnc2SCC(=O)Nc2c(C)cccc2C)cc1,-7.657025112273206,1
COC(=O)c1ccc(/C=N/Nc2nnnn2-c2cccc3ccccc23)cc1,-7.8258589237462015,1
COC(=O)c1ccc(/C=N\NC(=O)CN2CC[NH+](Cc3ccccc3)CC2)cc1,-7.04587860533614,1
COC(=O)c1ccc(/C=N\NC(=O)c2cc(C(C)(C)C)n[nH]2)cc1,-8.055335946902416,1
COC(=O)c1ccc(C)c(NC(=O)C2CCN(S(=O)(=O)Cc3ccccc3C)CC2)c1,-7.3105731700180385,1
COC(=O)c1ccc(CN2C(=O)CCn3nccc32)cc1,-7.723084009879563,1
COC(=O)c1ccc(Cn2c(SCC(=O)N(C)c3ccc(F)cc3)nc3ccccc32)cc1,-7.6429884825293986,1
COC(=O)c1ccc(Cn2c(SCC(=O)N(C)c3ccccc3)nc3ccccc32)cc1,-7.731035000778492,1
COC(=O)c1ccc(N/C=C2\N=C(c3ccc(Cl)cc3)OC2=O)cc1,-7.799387349687274,1
COC(=O)c1ccc(NC(=O)CCCCCN2C(=O)c3ccccc3C2=O)cc1,-6.48869181794285,1
COC(=O)c1ccc(NC(=O)COc2cc(Cl)ccc2Cl)cc1,-7.53639339315865,1
COC(=O)c1ccc(NC(=O)COc2ccccc2)cc1,-7.401977975414763,1
COC(=O)c1ccc(NC(=O)CSc2nc(C)cc(C)n2)cc1,-7.422943781222623,1
COC(=O)c1ccc(NC(=O)CSc2nc3c(c(=O)[n-]2)C[N@H+](Cc2ccccc2OC)CC3)cc1,-6.405282280967676,1
COC(=O)c1ccc(NC(=O)C[C@@H]2C(=O)N(C)C(=S)N2Cc2ccc(OC)cc2)cc1,-7.327876096687025,1
COC(=O)c1ccc(NC(=O)NCc2noc3ccc(C)cc23)cc1,-7.561116350011458,1
COC(=O)c1ccc(NC(=O)[C@@H](Cc2ccccc2)N2C(=O)c3ccccc3C2=O)cc1,-7.103359369081651,1
COC(=O)c1ccc(NC(=O)[C@H](C)CS(=O)(=O)c2ccc3c(c2)NC(=O)[C@@H](C)S3)cc1,-7.226628116019535,1
COC(=O)c1ccc(NC(=O)[C@H](CCS(C)(=O)=O)N2Cc3ccccc3C2=O)cc1,-7.303870421326339,1
COC(=O)c1ccc(NC(=O)[C@H]2Nc3cc(F)ccc3S(=O)(=O)N2)cc1,-6.688547781771864,1
COC(=O)c1ccc(NC(=O)c2c[nH]c(=O)n(-c3ccc(C)c(C)c3)c2=O)cc1,-7.456496561175047,1
COC(=O)c1ccc(NC(=O)c2cc(-c3ccc4c(c3)OCCO4)on2)cc1,-7.050089768723273,1
COC(=O)c1ccc(NC(=O)c2ccc(C)c([N+](=O)[O-])c2)cc1,-7.275178978058573,1
COC(=O)c1ccc(NC(=O)c2ccc(Cl)cc2[N+](=O)[O-])cc1,-7.388151363902143,1
COC(=O)c1ccc(NC(=O)c2nc(SCc3ccccc3F)ncc2Cl)cc1,-7.406686330937507,1
COC(=O)c1ccc(NC(=O)c2sc(-c3ccccc3)nc2C)cc1,-6.921667975066186,1
COC(=O)c1ccc(NC2=C(Cl)C(=O)O[C@@H]2OC(=O)c2ccccc2)cc1,-7.204872797606635,1
COC(=O)c1ccc(N[C@@H]2OC(=O)c3c2ccc(OC)c3OC)cc1,-7.675893793573749,1
COC(=O)c1ccc(N[C@H]2SC(=O)N(c3cccc(C)c3)C2=O)cc1,-8.052271860477228,1
COC(=O)c1ccc(Nc2c3c(nc4nc(-c5ccccc5)nn24)CCCC3)cc1,-7.760044114464512,1
COC(=O)c1ccc(OC[C@H](O)Cn2cnc3cc(C)c(C)cc32)cc1,-7.9374619202447105,1
COC(=O)c1ccc([C@@H]2/C(=C(\[O-])OCc3ccccc3)C(C)=Nc3nnnn32)cc1,-7.056986221153052,1
COC(=O)c1ccc([C@H]2/C(=C(\[O-])OCc3ccccc3)C(C)=Nc3nnnn32)cc1,-7.440048493561889,1
COC(=O)c1ccc([C@H]2NC(=O)c3[nH]nc(-c4cccc(OC)c4)c32)cc1,-7.206073735618257,1
COC(=O)c1ccc([C@H]2NC(=O)c3n[nH]c(-c4cccc(OC)c4)c32)cc1,-7.65374999312438,1
COC(=O)c1ccc([C@H]2Nn3c(C)nnc3S[C@H]2C(=O)Nc2cc(C)ccc2C)cc1,-7.396211083241575,1
COC(=O)c1ccc([N-]S(=O)(=O)c2ccc(-c3cc(C)[nH]n3)s2)cc1,-7.033398024193983,1
COC(=O)c1cccc(Nc2c(-c3ccc(F)cc3)nc3cnccn23)c1,-7.264635093153759,1
COCC(=O)NCc1ccc2c(c1)CCN2C(=O)C(C)C,-7.615930776396037,1
COCC(=O)Nc1ccc(OC)c(NC(=O)c2ccccc2)c1,-8.490672502021454,1
COCC(=O)Nc1ccc(SCc2cc(=O)n3oc(C)cc3n2)cc1,-8.803634472818313,1
COCC(=O)Nc1ccc2[nH]/c(=N/S(=O)(=O)c3ccc(C)cc3)sc2c1,-7.856622537605904,1
COCC(=O)Nc1cccc(-c2nc(-c3cccc(C)c3)no2)c1,-8.176819443702895,1
COCC(=O)Nc1nc2ccc(OC)cc2s1,-9.007361151097385,1
COCC(=O)Nc1nc2nc(C)c(C)c([O-])n2n1,-6.19453037747334,1
COCC(=O)Nc1nnc(SCc2cc(=O)n3oc(C)cc3n2)s1,-7.965663778596899,1
COCC(=O)Nc1nnc([C@@H]2CC(=O)N(c3ccc(C)c(Cl)c3)C2)s1,-8.362459349274236,1
COCC(=O)[N-]c1nnc(SCc2cc(=O)n3oc(C)cc3n2)s1,-6.448063775793123,1
COCC(=O)[N-]c1nnc([C@@H]2CC(=O)N(c3ccc(C)c(Cl)c3)C2)s1,-6.372820803323931,1
COCC(=O)[N-]c1nnc([C@H]2CC(=O)N(c3ccc(C)c(Cl)c3)C2)s1,-6.886938444090289,1
COCCCNC(=O)CN1C(=O)c2ccccc2S1(=O)=O,-7.212761018614513,1
COCCCNC(=O)Cc1ccc(NC(=O)N2CCCCc3ccccc32)cc1,-7.190484133924172,1
COCCCNC(=O)[C@@H]1CCCN(c2nn3c(=O)cc(C)nc3s2)C1,-7.57791244167043,1
COCCCNC(=O)[C@H]1CCCN(c2ccnc(-c3ccc(F)cc3)n2)C1,-6.547993580144459,1
COCCCNC(=O)c1c(-c2ccc(Br)cc2)noc1C,-6.348859289321,1
COCCCNC(=O)c1c(-c2ccc(F)cc2F)noc1C,-6.666674255936598,1
COCCCNC(=O)c1ccc(CN2C(=O)CCn3nc(-c4ccccc4)cc32)cc1,-7.16682734293236,1
COCCCNC(=O)c1ccc(COc2cccc3c2OC(C)(C)C3)cc1,-6.777432239608991,1
COCCCNC(=O)c1ccc(C[S@](=O)Cc2ccc(Cl)cc2)o1,-6.896125747564849,1
COCCCNC(=O)c1ccc(Cn2c(SCc3ccc(F)cc3)nc3cccnc32)cc1,-6.009416263873264,1
COCCCNC(=O)c1ccc(Cn2c(SCc3cccc(F)c3)nc3cccnc32)cc1,-7.018654638023457,1
COCCCNC(=O)c1ccc(Cn2c(SCc3ccccc3)nc3cccnc32)cc1,-6.791040825517347,1
COCCCNC(=O)c1cccc(Nc2ccc(-c3ccccc3)nn2)c1,-6.598575987939848,1
COCCCNC(=O)c1nn(-c2ccc(Cl)cc2)nc1CO,-7.4582801795844125,1
COCCCNC(=O)c1nn(-c2ccc(F)cc2)nc1CO,-7.541714196681183,1
COCCCNC(=O)c1nnc(Cc2ccc(OC)c(OC)c2)o1,-6.4625369066629474,1
COCCCNc1oc(-c2ccc(COc3ccccc3C)o2)nc1C#N,-7.254914020902049,1
COCCN1Cc2cccc(C(=O)Nc3ccc(C(C)=O)cc3)c2C1=O,-7.971219185696782,1
COCCNC(=O)CCCc1nnc(C(=O)Nc2ccc(OC)cc2)s1,-6.741601681601018,1
COCCNC(=O)COCc1nnc(C(=O)Nc2cccc(Cl)c2)s1,-6.296775216552013,1
COCCNC(=O)CSc1nc(-c2ccc(C)cc2)[nH]c1-c1ccccc1,-6.848654619655366,1
COCCNC(=O)[C@@]1(C)CCC(=O)N1CCc1ccc(C)cc1,-6.373302999614424,1
COCCNC(=O)c1c(NC(=O)c2cc(-c3ccc4c(c3)C[C@@H](C)O4)on2)sc2c1CCCC2,-6.364808680493069,1
COCCNC(=O)c1cc(-c2ccc(O)cc2)on1,-6.305144565146466,1
COCCNC(=O)c1ccc(COc2cccc3c2OC(C)(C)C3)cc1,-6.581623273717788,1
COCCNC(=O)c1ccc(CS(=O)(=O)Cc2ccc(Cl)cc2)o1,-7.07714902837759,1
COCCNC(=O)c1ccc(CSc2nc3ccncc3n2Cc2ccc(OC)cc2)cc1,-6.3120749892839205,1
COCCNC(=O)c1ccc(Cn2nc(-n3cccc3)c3c(C)cc(C)nc32)cc1,-6.165638892227265,1
COCCNC(=O)c1ccc2c(=O)n(-c3ccc(OC)cc3)c(SCc3ccc(C)cc3)nc2c1,-6.289039781692825,1
COCCNC(=O)c1ccc2c(=O)n(-c3cccc(F)c3)c(SCC(=O)c3ccccc3)nc2c1,-6.520291896636721,1
COCCNC(=O)c1ccc2c(=O)n(-c3cccc(F)c3)c(SCc3ccccc3Cl)nc2c1,-6.467514816124646,1
COCCNC(=O)c1cnc2scc(-c3ccc(C)cc3)n2c1=O,-7.813089679849383,1
COCCc1nn2c(=O)cc(COC(=O)COc3ccc(F)cc3)nc2s1,-7.224518487046918,1
COCc1cc(C)nc(SCC(=O)Nc2ccc(CC#N)cc2)c1C#N,-8.137409667238417,1
COCc1nnc(NC(=O)C[C@@H](C)c2ccccc2)s1,-6.36001347257027,1
COc1cc(-c2nnc(SCC(=O)Nc3cccc(C#N)c3)o2)cc(OC)c1OC,-7.502982304945386,1
COc1cc(/C=N/NC(=O)c2ccc(NC(C)=O)cc2)cc(OC)c1OC,-8.603001974338103,1
COc1cc(/C=N\NC(=O)c2cc(-c3ccccc3)n[nH]2)ccc1OC(C)=O,-3.327482329371182,1
COc1cc(C[NH2+]CCO)ccc1OCc1ccc2c(c1)n(C)c(=O)n2C,-8.76488142049381,1
COc1cc(NC(=O)c2ccc3c(c2)NC(=O)CO3)cc(OC)c1,-7.610181631862965,1
COc1cc(NC(=O)c2ccc3c(c2)NC(=O)CO3)cc(OC)c1OC,-7.686491787774315,1
COc1cc([C@H]2CC(=O)N=C3NC(SCc4ccccc4F)=NC([O-])=C32)ccc1OCC(N)=O,-7.218073419442856,1
COc1cc([C@H]2CC(=O)Nc3n[nH]c(C)c32)ccc1OCC(N)=O,-8.353721124963686,1
COc1cc([C@H]2CC(=O)Nc3nc(SCc4ccccc4F)[nH]c(=O)c32)ccc1OCC(N)=O,-7.300459881705114,1
COc1ccc(-c2cc(C(F)(F)F)nc(SCC(=O)N3CCC(C(N)=O)CC3)n2)cc1OC,-7.635662476212425,1
COc1ccc(-c2cc3nc(C)cc(Nc4ccc(C(N)=O)cc4)n3n2)cc1OC,-9.735994941169302,1
COc1ccc(-c2ccc(C#N)c(SCC(=O)Nc3ccc(F)cc3)n2)cc1,-7.497718441743872,1
COc1ccc(-c2ccc(OCCNS(=O)(=O)c3ccc(C(C)=O)cc3)nn2)cc1,-7.453082175473541,1
COc1ccc(-c2n[nH]c(SCc3cc(=O)c4cc(C(N)=O)ccc4[nH]3)n2)cc1,-8.894758205787838,1
COc1ccc(-c2nc(CNS(=O)(=O)c3ccc(NC(C)=O)cc3)cs2)cc1,-7.760563206213841,1
COc1ccc(-c2nc(SCc3cc(=O)c4cc(C(N)=O)ccc4[nH]3)n[nH]2)cc1,-8.947444590894005,1
COc1ccc(-c2nc3cnccn3c2Nc2ccc(C(N)=O)cc2)cc1,-9.485228978834185,1
COc1ccc(-c2nc3nc(C)cc(N4CC[NH+](CCO)CC4)n3n2)cc1,-7.722752530099422,1
COc1ccc(-c2nc3s/c(=C\c4ccco4)c(=O)n3n2)cc1,-6.525992147025776,1
COc1ccc(-c2nc3scc(CCNC(=O)c4ccco4)n3n2)cc1,-7.071633256935134,1
COc1ccc(-c2nnc(SCC(=O)N(C)CCO)n2-c2ccccc2)cc1,-6.376869632931584,1
COc1ccc(-c2noc(-c3c[nH]c4ccccc4c3=O)n2)cc1,-6.757132516907227,1
COc1ccc(-c2noc(C3CCN(S(=O)(=O)c4ccc(Cl)cc4)CC3)n2)cc1,-5.885879342333227,1
COc1ccc(-c2noc(CCC(=O)Nc3ccc(F)cc3Cl)n2)cc1,-6.392425630665824,1
COc1ccc(-c2noc(CNC(=O)Cc3ccc(OC)c(OC)c3)n2)cc1,-6.534728083124757,1
COc1ccc(-c2noc(CNC(=O)[C@@H](C)Oc3ccccc3)n2)cc1,-6.586826117646899,1
COc1ccc(-c2noc(N3CCC(C(=O)NC4CC4)CC3)n2)cc1OC,-5.285102173671305,1
COc1ccc(-c2noc([C@@H](C)NC(=O)c3cccc(OC)c3)n2)cc1,-6.456992269732049,1
COc1ccc(-n2c(CSc3ncccn3)nnc2SCC(N)=O)cc1,-7.89802359689049,1
COc1ccc(C(=O)COC(=O)[C@@H](Cc2c[nH]c3ccccc23)NC(=O)c2ccc(Cl)cc2)cc1,-7.349723911220131,1
COc1ccc(C(=O)COC(=O)[C@H](Cc2c[nH]c3ccccc23)NC(=O)c2ccc(Cl)cc2)cc1,-6.903324628087633,1
COc1ccc(C(=O)CSc2nnc3c(=O)n(-c4ccc(F)c(F)c4)ccn23)cc1,-6.853598358019858,1
COc1ccc(C(=O)NCc2nc(-c3ccc(OC)cc3)no2)cc1,-7.121641415764373,1
COc1ccc(C(=O)NCc2nnc(SCC(=O)Nc3ccc(Br)cc3)o2)cc1,-7.189624949487465,1
COc1ccc(C(=O)NCc2nnc(SCC(=O)Nc3ccc(Cl)cc3)o2)cc1,-7.043617671636897,1
COc1ccc(C(=O)NCc2nnc(SCC(=O)Nc3ccc(F)cc3)o2)cc1,-7.39474715380754,1
COc1ccc(C(=O)NCc2nnc(SCC(=O)Nc3ccccc3)o2)cc1,-7.682408084751101,1
COc1ccc(C(=O)N[C@@H](C)c2nc(-c3ccc(C(C)(C)C)cc3)no2)cc1,-6.891939875365488,1
COc1ccc(C(=O)Nc2cc(C)c3nc(NC(C)=O)sc3c2)cc1,-5.643619906891271,1
COc1ccc(C(=O)Nc2ccc(-c3nc4ncccc4o3)cc2)cc1,-6.054533328749667,1
COc1ccc(C(=O)Nc2ccc(C(C)=O)cc2)cc1[N+](=O)[O-],-7.5509005128965185,1
COc1ccc(C(=O)Nc2ccccc2OCc2cc(=O)n3ccccc3n2)cc1,-6.578631270118998,1
COc1ccc(C(=O)c2oc3cc(NC(=O)c4ccco4)ccc3c2C)cc1,-6.550451988638695,1
COc1ccc(C(=O)c2sc(Nc3cccc(F)c3)nc2N)cc1,-6.990294175390119,1
COc1ccc(C)cc1NC(=O)Cc1ccc2nc(NC(C)=O)sc2c1,-9.220919090420068,1
COc1ccc(C)cc1NS(=O)(=O)c1cc(-c2ccc(=O)[nH]n2)ccc1C,-7.507623688020447,1
COc1ccc(C2=C[C@@H](c3ccc(Cl)cc3)n3nc(CCCO)nc3N2)cc1,-7.699326839418502,1
COc1ccc(C2=C[C@H](c3ccc(C)cc3)n3nnnc3N2)cc1,-7.016021136702964,1
COc1ccc(C2=C[C@H](c3ccc(Cl)cc3)n3nnnc3N2)cc1,-6.958416281764939,1
COc1ccc(C2=C[C@H](c3ccccc3)n3nnnc3N2)cc1,-7.02701661142816,1
COc1ccc(C2=C[C@H](c3ccccc3F)n3nnnc3N2)cc1,-7.100542667127982,1
COc1ccc(C2=C[C@H](c3ccccc3OC(F)F)n3ncnc3N2)cc1,-6.718340637886348,1
COc1ccc(C2=NO[C@@H](C(=O)Nc3ccc(C#N)cc3)C2)cc1,-6.637862947348915,1
COc1ccc(C2=NO[C@H](C(=O)Nc3ccc(C#N)cc3)C2)cc1,-6.107436848341508,1
COc1ccc(CCC(=O)Nc2c(C(=O)N3CCN(c4cccc[nH+]4)CC3)oc3ccccc23)cc1,-4.6589051005818405,1
COc1ccc(CN2C(=O)N(c3ccc(Cl)cc3)C(=O)[C@H]2CC(=O)Nc2ccccc2)cc1,-7.721198391126967,1
COc1ccc(CNC(=O)CCCNS(=O)(=O)c2ccc3c(c2)CCCC(=O)N3)cc1,-6.102528580599604,1
COc1ccc(CNC(=O)CN(C)S(=O)(=O)c2ccc3c(c2)NC(=O)CO3)cc1,-8.013813747855352,1
COc1ccc(CNC(=O)CN2N=C(c3ccccc3F)c3cc(Cl)ccc3S2(=O)=O)cc1,-6.674682905613864,1
COc1ccc(CNC(=O)CSc2n[nH]c(-c3ccccc3)n2)cc1,-6.698037105789645,1
COc1ccc(CNC(=O)CSc2ncc(S(=O)(=O)c3cccs3)c(N)n2)cc1,-7.310352205857251,1
COc1ccc(CNC(=O)[C@@H](C)N2C(=O)CCn3nc(C)cc32)cc1,-7.897514670545466,1
COc1ccc(CNC(=O)[C@H]2CCCN(c3ccnc(-c4ccccc4)n3)C2)cc1,-7.346044093722705,1
COc1ccc(CNC(=O)c2c(-c3ccc(Br)s3)noc2C)cc1,-7.101027145798358,1
COc1ccc(CNC(=O)c2c(-c3ccccc3F)noc2C)cc1,-7.494830230386233,1
COc1ccc(CNC(=O)c2cc3cc(C)ccc3[nH]2)cc1,-7.47409824045607,1
COc1ccc(CNC(=O)c2cc3n(n2)C[C@@](C)(C(=O)NC2CCCC2)N(C)C3=O)cc1,-6.729532815658208,1
COc1ccc(CNC(=O)c2ccc(C[S@@](=O)Cc3ccc(C)cc3)o2)cc1,-7.911093414649256,1
COc1ccc(CNC(=O)c2ccc(C[S@](=O)c3ccccc3)o2)cc1,-8.052778210396271,1
COc1ccc(CNC(=O)c2ccc3c(c2)N(Cc2cc(C)ccc2C)C(=O)CS3)cc1,-7.541316027973133,1
COc1ccc(CNC(=O)c2cccc(N3CCCC3=O)c2)cc1,-7.81281160011056,1
COc1ccc(CNC(=O)c2cnc(NCc3ccccc3F)nc2C)cc1,-7.0559968379118585,1
COc1ccc(CNC(=O)c2cnc3c(C)cccn3c2=O)cc1,-7.9393310905815,1
COc1ccc(CNC(=O)c2cnc3sc(C)c(C)n3c2=O)cc1,-7.756140284525323,1
COc1ccc(CNC(=O)c2cnn(-c3ccccc3)c2)cc1,-7.22022281731109,1
COc1ccc(CNC(=O)c2nc(S(=O)(=O)Cc3ccc(C)cc3)ncc2Cl)cc1,-7.850061401842042,1
COc1ccc(CNCc2c(C(=O)[O-])c(C)n(Cc3cccc(OC)c3)c2C)cc1,-6.546592925287307,1
COc1ccc(CNc2nc(-c3ccccc3)nn2C(=O)c2ccccc2)cc1,-7.3822830307459295,1
COc1ccc(CNc2nc(-c3cccnc3)nn2C(=O)COc2ccccc2)cc1,-7.263312538147696,1
COc1ccc(CNc2nccn(-c3ccc(C)c(Cl)c3)c2=O)cc1,-7.218967670013237,1
COc1ccc(CNc2nccn(-c3ccc(C)cc3)c2=O)cc1,-7.287441498397721,1
COc1ccc(C[NH2+]Cc2c(C(=O)[O-])c(C)n(Cc3cccc(OC)c3)c2C)cc1,-7.363772133216285,1
COc1ccc(C[NH2+]Cc2c(C(=O)[O-])c(C)n(Cc3ccccc3C)c2C)cc1,-8.07736241799445,1
COc1ccc(Cc2nc(-c3ccc(OC)cc3)no2)cc1,-7.325262612581954,1
COc1ccc(Cc2nn3c(SCC(=O)Nc4ccc(C)c(Cl)c4)nnc3[n-]c2=O)cc1,-7.961798126971459,1
COc1ccc(Cc2nnc3sc(-c4ccc(OC)cc4)nn23)cc1,-7.598584575146062,1
COc1ccc(Cl)cc1NC(=O)CCc1ccc2nc(NC(C)=O)sc2c1,-9.009059294042368,1
COc1ccc(Cn2c(C)c(C[NH2+]CCc3ccc(Cl)cc3)c(C(=O)[O-])c2C)cc1,-6.405849351453944,1
COc1ccc(Cn2c(CCC(=O)Nc3ccc(CC#N)cc3)nc3cccnc32)cc1,-7.90452675783578,1
COc1ccc(Cn2c(CO)cnc2SCc2ccc(C)cc2)cc1,-7.3149812720432354,1
COc1ccc(Cn2ccnc2SCC(=O)Nc2ccc3c(c2)OCO3)cc1,-6.634125103238733,1
COc1ccc(N/C([O-])=C2/C(C)=Nc3ncnn3[C@H]2c2ccccc2)cc1,-5.233971876258189,1
COc1ccc(N2C(=O)C[C@@H]([N@H+]3CC[C@H](C(N)=O)CC3)C2=O)cc1,-9.189679338263325,1
COc1ccc(N2C(=O)C[C@H]([N@H+]3CC[C@H](C(N)=O)CC3)C2=O)cc1,-9.748162064308856,1
COc1ccc(N2C(=O)c3cccnc3[C@H]2Nc2ccc(CC#N)cc2)cc1,-8.412303090839082,1
COc1ccc(N2C[C@@H](C(=O)NCc3nnnn3-c3ccccc3)CC2=O)cc1,-6.354292100255548,1
COc1ccc(N2C[C@H](C(=O)NCc3nnnn3-c3ccccc3)CC2=O)cc1,-7.974913701920443,1
COc1ccc(N2C[C@H](c3nnc(NC(=O)CSc4ccccc4)s3)CC2=O)cc1,-6.750108485649485,1
COc1ccc(N2C[C@H](c3nnc([N-]C(=O)c4ccccc4Cl)s3)CC2=O)cc1,-6.811871388786589,1
COc1ccc(NC(=O)CCS(=O)(=O)c2ccc3c(c2)NC(=O)CS3)cc1Cl,-7.01643298080416,1
COc1ccc(NC(=O)CCn2c(=O)sc3ccccc32)cc1,-6.86139334307968,1
COc1ccc(NC(=O)CSc2ncc(S(=O)(=O)c3cccs3)c(N)n2)cc1,-6.57881995700628,1
COc1ccc(NC(=O)CSc2nnc(CNC(=O)c3ccco3)o2)c(OC)c1,-5.578198887983916,1
COc1ccc(NC(=O)C[C@@H](C)S(=O)(=O)c2ccc3c(c2)NC(=O)CO3)cc1Cl,-8.289529895638848,1
COc1ccc(NC(=O)Cc2csc(NC(=O)C3CC3)n2)cc1Cl,-5.097233522287471,1
COc1ccc(NC(=O)Cc2csc(NC(C)=O)n2)c(OC)c1,-8.549657631586978,1
COc1ccc(NC(=O)N[C@H]2COc3ccc(OC)cc3C2)cc1,-6.852949849169013,1
COc1ccc(NC(=O)c2cnc3ccccn3c2=O)cc1,-5.110074633674531,1
COc1ccc(NS(=O)(=O)c2ccc3c(c2)oc(=O)n3C)cc1,-6.999086324620402,1
COc1ccc(Nc2cc(C)nc3nc(-c4ccc(C)cc4)nn23)cc1,-6.920541477766838,1
COc1ccc(Nc2cc(C)nc3nc(-c4ccc(Cl)cc4)nn23)cc1,-6.86576220459178,1
COc1ccc(Nc2cc(C)nc3nc(-c4cccc(C)c4)nn23)cc1,-7.103255770893751,1
COc1ccc(Nc2cc(C)nc3nc(-c4ccccc4)nn23)cc1,-6.869999352287658,1
COc1ccc(Nc2nc(-c3ccc(OC)cc3)no2)cc1,-6.902915320268519,1
COc1ccc(Nc2nc(NCCc3ccccc3)nc3c2cnn3C)cc1,-6.976499235294633,1
COc1ccc(OC)c(C2=NO[C@@H](C(=O)Nc3ccc(C(C)=O)cc3)C2)c1,-8.104449345518944,1
COc1ccc(OC)c(NC(=O)COc2cccc(-c3nc(-c4ccc(C)cc4)no3)c2)c1,-6.369068778877288,1
COc1ccc(OC)c(S(=O)(=O)Nc2ccc3nc(NC(C)=O)sc3c2)c1,-8.919281513293289,1
COc1ccc(OC)c2[nH]c(=O)c(CCNS(=O)(=O)c3ccc(NC(C)=O)cc3)cc12,-8.038642577971526,1
COc1ccc(OCc2ccc(-c3nc(C#N)c(N4CCC(C(N)=O)CC4)o3)o2)cc1,-8.392363751764131,1
COc1ccc(OCc2nnc(-c3ccccc3)o2)cc1,-7.501284456211098,1
COc1ccc(S(=O)(=O)c2cnc(SCC(=O)Nc3ccccc3F)[n-]c2=O)cc1,-5.5727368541315,1
COc1ccc([C@@H](CC(=O)Nc2ccc(C(C)=O)cc2)N2Cc3ccccc3C2=O)cc1,-7.506531856053257,1
COc1ccc([C@@H]2C=C(Nc3ccc(Cl)cc3)C=C([O-])C2)cc1,-6.997844378204482,1
COc1ccc([C@@H]2C=C(c3ccc(C)cc3)Nc3nc(CCCO)nn32)cc1,-7.605126294989066,1
COc1ccc([C@@H]2C=C(c3ccccc3)Nc3nc(CCCO)nn32)cc1,-7.589739565664252,1
COc1ccc([C@@H]2C=C3NC(=O)C[C@H](c4ccc(O)c(OC)c4)C3=C(O)C2)cc1,-6.235424028196865,1
COc1ccc([C@@H]2C[C@H](c3ccc(Cl)cc3)Nc3nnnn32)cc1,-7.666912076970662,1
COc1ccc([C@@H]2C[C@H](c3cccc(OC)c3)Nc3ncnn32)cc1,-7.531832019101309,1
COc1ccc([C@@H]2C[C@H](c3ccccc3OC(F)F)n3ncnc3N2)cc1,-7.519996351070631,1
COc1ccc([C@@]2(O)CSC3=C(C#N)[C@@H](c4ccccc4F)CC(=O)N32)cc1,-4.672923422954371,1
COc1ccc([C@H]2SCC(=O)N2c2ccc(OC)cc2)cc1,-6.299341307249057,1
COc1ccc2[nH]cc(CCN3C[C@@H](C(=O)Nc4cc(F)cc(F)c4)CC3=O)c2c1,-7.664432236126831,1
COc1ccc2c(c1)C[C@@H](C(=O)NCc1ccccc1)CO2,-7.176079633962448,1
COc1ccc2c(c1)C[C@@H](NC(=O)NCCCN1CCOCC1)CO2,-5.7520324532616645,1
COc1ccc2nc(NC(=O)c3ccc(C(C)(C)C)cc3)sc2c1,-6.842230908283824,1
COc1ccc2nc(NC(=O)c3ccc(F)cc3)sc2c1,-7.162230726205393,1
COc1ccc2nc(NC(=O)c3cccc(F)c3)sc2c1,-7.019503364846178,1
COc1ccc2nc(NC(=O)c3ccccc3F)sc2c1,-7.032653343208194,1
COc1ccc2nc(SCC(=O)Nc3ccc(NC(C)=O)cc3)[nH]c2c1,-9.29057882220522,1
COc1cccc(-c2cc(C(=O)NCc3ccc(Cl)cc3)n[nH]2)c1,-5.999892335852428,1
COc1cccc(-c2nc(C(N)=O)c3c(n2)n(-c2ccc(F)cc2)c(=O)n3C)c1,-7.850987304925893,1
COc1cccc(C(=O)c2oc3ccc(NC(=O)c4ccco4)cc3c2C)c1,-7.485397148085569,1
COc1cccc(C2=C[C@@H](c3ccc(OC)c(OC)c3OC)n3ncnc3N2)c1,-7.210639648369761,1
COc1cccc(C2=C[C@@H](c3ccc(OC)cc3OC)n3ncnc3N2)c1,-6.627825087862868,1
COc1cccc(C2=NO[C@H](C(=O)Nc3ccc(C#N)cc3)C2)c1,-6.558252747738542,1
COc1cccc(C2=NO[C@H](C(=O)Nc3cccc(O)c3)C2)c1OC,-6.417764651923853,1
COc1cccc(CN2C(=O)N(c3ccc(F)cc3)C(=O)[C@@H]2CC(=O)Nc2ccccc2)c1,-6.599748323287362,1
COc1cccc(CNC(=O)C2CCN(S(=O)(=O)c3ccc4c(c3)NC(=O)CS4)CC2)c1,-5.994132432714076,1
COc1cccc(CNC(=O)Cc2csc(NC(=O)c3cc(OC)cc(OC)c3)n2)c1,-7.361291907560171,1
COc1cccc(CNC(=O)Cc2csc(NC(=O)c3ccco3)n2)c1,-6.453853034719412,1
COc1cccc(CNC(=O)[C@@H](CCSC)NS(=O)(=O)c2ccc3c(c2)oc(=O)n3C)c1,-5.1168491505257085,1
COc1cccc(CNC(=O)[C@@H](NS(=O)(=O)c2ccc3c(c2)oc(=O)n3C)C(C)C)c1,-5.625984075887176,1
COc1cccc(CNC(=O)c2cc(-c3ccc(F)cc3)[nH]n2)c1,-7.221456318398707,1
COc1cccc(CNC(=O)c2cc(-c3cccc(OC)c3)[nH]n2)c1,-6.464421272975448,1
COc1cccc(CNc2c(C#N)cnc3cc(OC)ccc23)c1,-6.922640394762308,1
COc1cccc(NC(=O)CSc2ncc(CO)n2Cc2ccccc2)c1,-6.490142077220378,1
COc1cccc(NC(=O)Nc2cc(C)c3nc(NC(C)=O)sc3c2)c1,-4.056065356806516,1
COc1cccc(NC(=O)[C@@H](C)Sc2nc3ccccc3c3[n+]2[C@H](C(C)C)C(=O)N3)c1,-7.307557116941616,1
COc1cccc(NC(=O)c2ccc3c(c2)NC(=O)CO3)c1,-7.912914513074804,1
COc1cccc(Nc2c(C#N)cnc3cc(OC)ccc23)c1,-6.803629815865471,1
COc1cccc(Nc2c(C#N)cnc3ccc(C)cc23)c1,-7.197202281819626,1
COc1cccc([C@@H]2C[C@H](C(F)(F)F)n3ncc(C(=O)NCCCn4cc[nH+]c4)c3N2)c1,-7.168429251222985,1
COc1cccc([C@@H]2C[C@H](C(F)(F)F)n3ncc(C(=O)NCc4ccco4)c3N2)c1,-5.698282605733735,1
COc1cccc([C@H]2C[C@@H](c3ccc(C)cc3)n3ncnc3N2)c1,-7.039644555083773,1
COc1ccccc1-n1c(CNC(=O)c2ccccc2)nnc1SCC(=O)Nc1nccs1,-5.62015361730502,1
COc1ccccc1C1=NO[C@@H](C(=O)Nc2cccc(C(C)=O)c2)C1,-7.912898340778787,1
COc1ccccc1C1=NO[C@H](C(=O)Nc2cccc(C(C)=O)c2)C1,-8.560574305985192,1
COc1ccccc1CCNC(=O)Cc1csc(NC(C)=O)n1,-8.782875384360546,1
COc1ccccc1CNC(=O)[C@H]1CC[C@@H](CNS(=O)(=O)c2ccc(NC(C)=O)cc2)CC1,-8.48917930958727,1
COc1ccccc1N/C([O-])=C1/C(C)=Nc2ncnn2[C@H]1c1ccc(NC(C)=O)cc1,-8.555909300451587,1
COc1ccccc1NC(=O)CCc1ccc2nc(NC(C)=O)sc2c1,-9.104332860301517,1
COc1ccccc1NC(=O)CSc1nc2ccc(NC(=O)C(C)C)cc2s1,-7.221484041571575,1
COc1ccccc1[C@H]1NC(=O)NC(C)=C1C(=O)OCCC#N,-7.489859892260093,1
CSCC[C@@H](NS(=O)(=O)c1ccc2c(c1)oc(=O)n2C)C(=O)NCc1ccc(Cl)cc1,-7.144595652979367,1
CSc1ccc(-c2nc3cnccn3c2Nc2cccc(C(N)=O)c2)cc1,-8.74551797362087,1
CSc1ccc(CCNC(=O)[C@@H]2CCCN(S(=O)(=O)c3ccc4[nH]c(=O)oc4c3)C2)cc1,-8.219678610754158,1
CSc1ncc(C(=O)Nc2ccc(C(C)=O)cc2)c(-c2ccccc2)n1,-7.725858303014829,1
CSc1ncc(C(=O)Nc2ccc(C(C)=O)cc2)c(C)n1,-7.501919293850145,1
CSc1ncc(C(=O)Nc2ccc(NC(C)=O)cc2)c(C)n1,-8.193658922421372,1
CSc1nn(CC(=O)Nc2ccc(C(C)=O)cc2)c(N)c1S(=O)(=O)c1ccc(F)cc1,-7.722387727471193,1
CSc1nn(CC(=O)Nc2ccc(C(C)=O)cc2)c(N)c1S(=O)(=O)c1ccccc1,-7.918876532176085,1
CSc1nn(CC(=O)Nc2cccc(C(C)=O)c2)c(N)c1S(=O)(=O)c1ccc(Cl)cc1,-5.927045638320356,1
C[C@@H](C(=O)Nc1ccc(CC#N)cc1)n1cc([N+](=O)[O-])cn1,-8.123143325337441,1
C[C@@H](CC(=O)Nc1ccc(F)c(Cl)c1)S(=O)(=O)c1ccc2c(c1)NC(=O)CO2,-8.400347720326314,1
C[C@@H](CC(=O)Nc1cccc(Cl)c1)S(=O)(=O)c1ccc2c(c1)NC(=O)CO2,-8.601582943989362,1
C[C@@H](CC(=O)Nc1cccc(F)c1)S(=O)(=O)c1ccc2c(c1)NC(=O)CS2,-7.390765774404914,1
C[C@@H](CCc1ccco1)NC(=O)CCc1nnc2ccc(NCc3ccc(Cl)cc3)nn12,-6.09335158816166,1
C[C@@H](CCc1ccco1)NC(=O)CCc1nnc2ccc(NCc3ccc(F)cc3)nn12,-6.170238795163562,1
C[C@@H](NC(=O)Cc1cccs1)c1ccc(O)cc1,-7.903493873281734,1
C[C@@H](NC(=O)c1cccnc1)c1ccc(O)cc1,-7.586500289099601,1
C[C@@H](Oc1ccc(F)cc1)C(=O)Nc1ccc2c(c1)NC(=O)CO2,-7.697362634209159,1
C[C@@H]([N-]c1n[nH]c(=O)[n-]c1=O)C(=O)N/N=C/c1ccccc1,-9.303322744213183,1
C[C@@H]1Oc2ccc(S(=O)(=O)N3CCN(C(=O)Cc4ccc(Cl)cc4)CC3)cc2NC1=O,-7.265063976529856,1
C[C@@H]1Sc2ccc(S(=O)(=O)CCC(=O)Nc3ccccc3Cl)cc2NC1=O,-7.4689045111878976,1
C[C@H](C(=O)Nc1ccc(C#N)cc1)n1cc([N+](=O)[O-])cn1,-6.562220911811304,1
C[C@H](C(=O)Nc1ccc(CC#N)cc1)n1cc([N+](=O)[O-])cn1,-8.059177607531687,1
C[C@H](CC(=O)Nc1ccc(F)c(Cl)c1)S(=O)(=O)c1ccc2c(c1)NC(=O)CO2,-8.533505600459275,1
C[C@H](CC(=O)Nc1cccc(Cl)c1)S(=O)(=O)c1ccc2c(c1)NC(=O)CO2,-8.465742644121285,1
C[C@H](CC(=O)Nc1cccc(F)c1)S(=O)(=O)c1ccc2c(c1)NC(=O)CS2,-7.153675228436262,1
C[C@H](CCc1ccco1)NC(=O)CCc1nnc2ccc(NCc3ccc(Cl)cc3)nn12,-5.6851822394481415,1
C[C@H](CCc1ccco1)NC(=O)CCc1nnc2ccc(NCc3ccc(F)cc3)nn12,-5.853507806046988,1
C[C@H](CCc1ccco1)NC(=O)CCc1nnc2ccc(NCc3cccnc3)nn12,-5.727813302464374,1
C[C@H](CS(=O)(=O)c1ccc2c(c1)NC(=O)[C@@H](C)S2)C(=O)Nc1ccc(Cl)cc1,-7.234513995006435,1
C[C@H]([N-]c1n[nH]c(=O)[n-]c1=O)C(=O)N/N=C/c1ccc(Br)cc1,-9.08442198818492,1
C[C@H]([N-]c1n[nH]c(=O)[n-]c1=O)C(=O)N/N=C/c1ccc(C(F)(F)F)cc1,-8.925472633425187,1
C[C@H]([N-]c1n[nH]c(=O)[n-]c1=O)C(=O)N/N=C/c1ccc(Cl)cc1,-9.279093503265411,1
C[C@H]([N-]c1n[nH]c(=O)[n-]c1=O)C(=O)N/N=C/c1ccccc1,-8.814344240052847,1
C[C@H]1Sc2ccc(S(=O)(=O)CCC(=O)Nc3cccc(F)c3)cc2NC1=O,-6.638603409092251,1
C[C@H]1Sc2ccc(S(=O)(=O)CCC(=O)Nc3ccccc3Cl)cc2NC1=O,-4.53013239138,1
Cc1[nH]nc2c1[C@@H](c1ccc(OCC(N)=O)cc1)CC(=O)N2,-8.294208391422856,1
Cc1[nH]nc2c1[C@H](c1ccc(OCC(N)=O)cc1)CC(=O)N2,-8.646545228318384,1
Cc1c(Br)c([N+](=O)[O-])nn1CC(=O)Nc1ccc(CC#N)cc1,-8.115001037722264,1
Cc1c(C(=O)N2CCC(C(N)=O)CC2)sc2nc(-c3cccc([N+](=O)[O-])c3)cn12,-8.66782679455566,1
Cc1c(C(=O)N2CCCCC2)c(S(=O)(=O)[N-]c2ccc(C#N)cc2)c(C)n1C,-6.673237780525493,1
Cc1c(C(=O)c2ccccc2)oc2ccc(NC(=O)c3ccco3)cc12,-7.527201891190108,1
Cc1c(Cl)cccc1[N-]S(=O)(=O)c1ccc(-c2cc(C(F)(F)F)n[nH]2)s1,-7.06298317413518,1
Cc1cc(-c2noc(COc3ccc(C#N)cc3)n2)c2ccccc2n1,-7.093431873553926,1
Cc1cc(C)c(C#N)c(SCC(=O)Nc2ccc(CC#N)cc2)n1,-7.966519422521712,1
Cc1cc(F)ccc1NS(=O)(=O)c1ccc(-c2ccn[nH]2)s1,-6.944621197854556,1
Cc1cc(N2CCN(CCO)CC2)n2nc(-c3ccccc3)nc2n1,-6.502754038288046,1
Cc1cc(N2CC[NH+](CCO)CC2)n2nc(-c3ccccc3)nc2n1,-7.179832926384816,1
Cc1cc(Nc2ccc(C(N)=O)cc2)nc(-n2cc([N+](=O)[O-])cn2)n1,-9.752276274651235,1
Cc1cc(O[C@@H](C)C(=O)Nc2ccc3c(c2)NC(=O)CO3)cc(C)c1Cl,-7.826396739859718,1
Cc1cc2nc(COc3ccc(NC(=O)C(C)C)cc3)cc(=O)n2o1,-3.560654008409885,1
Cc1cc2nc(CSc3nc4ccc(NC(=O)C5CC5)cc4s3)cc(=O)n2o1,-7.217336168790784,1
Cc1ccc(-c2cc(C(=O)Nc3ccc(C(N)=O)cc3)no2)cc1F,-7.5745728552375855,1
Cc1ccc(-c2cc(C(=O)Nc3sc4c(c3C(=O)NC[C@@H]3CCCO3)CCC4)no2)cc1F,-3.3375270622336126,1
Cc1ccc(-c2nc(-c3ccc4c(c3)[nH]c(=O)n4C)no2)cc1NC(=O)c1ccco1,-8.237176164690588,1
Cc1ccc(-c2nc3nc(C)cc(N4CCN(CCO)CC4)n3n2)cc1,-6.515583999591387,1
Cc1ccc(-c2nc3nc(C)cc(N4CC[NH+](CCO)CC4)n3n2)cc1,-7.477213957364284,1
Cc1ccc(-c2nnc(SCC(=O)N/N=C/c3ccc(C(=O)[O-])cc3)n2-c2ccccc2)cc1,-6.258465175487608,1
Cc1ccc(-c2noc(-c3ccccc3OCC(=O)NCc3cccnc3)n2)cc1,-5.607608964156519,1
Cc1ccc(-c2noc(CNC(=O)c3ccco3)n2)cc1,-6.32198472004762,1
Cc1ccc(-n2ncc3c(NCCOCCO)ncnc32)cc1,-7.6895694240456764,1
Cc1ccc(/C=N\NC(=O)CCc2n[nH]c(=O)[n-]c2=O)cc1,-8.797961235247293,1
Cc1ccc(C(=O)NCc2nc(-c3ccc4c(c3)[nH]c(=O)n4C)no2)cc1,-8.137949937060093,1
Cc1ccc(C(=O)Nc2ccc(-c3nc4ncccc4o3)cc2)cc1,-6.664071215471798,1
Cc1ccc(C(=O)Nc2cccc(C(=O)N/N=C/c3ccc([N+](=O)[O-])s3)c2)cc1,-6.3064188397089245,1
Cc1ccc(CC(=O)N2CCN(S(=O)(=O)c3ccc4c(c3)NC(=O)CO4)CC2)cc1,-7.483456066009776,1
Cc1ccc(CNC(=O)[C@@H](CC(C)C)NS(=O)(=O)c2ccc3c(c2)oc(=O)n3C)cc1,-5.600132525395233,1
Cc1ccc(Cl)cc1NC(=O)CCS(=O)(=O)c1cc2c(cc1Cl)NC(=O)CO2,-6.294298643190134,1
Cc1ccc(NC(=O)C2CCN(S(=O)(=O)c3ccc4c(c3)CCCC(=O)N4)CC2)c(Cl)c1,-6.382676980989855,1
Cc1ccc(NC(=O)CCS(=O)(=O)c2ccc3c(c2)NC(=O)CS3)cc1Cl,-7.6218169597582,1
Cc1ccc(NC(=O)CN(C)S(=O)(=O)c2ccc3c(c2)NC(=O)CO3)cc1C,-7.68337147884414,1
Cc1ccc(NC(=O)C[C@@H](C)S(=O)(=O)c2ccc3c(c2)NC(=O)CO3)cc1C,-7.902596002745247,1
Cc1ccc(NC(=O)C[C@H](C)S(=O)(=O)c2ccc3c(c2)NC(=O)CO3)cc1C,-8.039004990351035,1
Cc1ccc(NC(=O)C[C@H](C)S(=O)(=O)c2ccc3c(c2)NC(=O)CO3)cc1Cl,-8.302803956589546,1
Cc1ccc(NC(=O)Cc2csc(NC(=O)C3CC3)n2)cc1,-6.784532904355891,1
Cc1ccc(NC(=O)Cc2csc(NC(=O)C3CC3)n2)cc1Cl,-8.446899568535269,1
Cc1ccc(NC(=O)N2CC(=O)N(CC(=O)NCc3ccc(OC(C)C)cc3)c3ccccc32)cc1,-4.453222298920256,1
Cc1ccc(NS(=O)(=O)c2ccc3c(c2)oc(=O)n3C)cc1,-7.8835153156005235,1
Cc1ccc(Nc2nc(NCCCO)nc3c2cnn3C)cc1C,-6.964273150038932,1
Cc1ccc(OCC(=O)Nc2ccc3c(c2)NC(=O)CO3)cc1,-7.253946180237714,1
Cc1ccc(OCc2ccc(-c3nc(C#N)c(NC[C@@H]4CCCO4)o3)o2)cc1,-6.317590677680615,1
Cc1ccc(OCc2ccc(C(=O)N/N=C\c3ccc(C(=O)[O-])cc3)cc2)cc1,-5.788515036775256,1
Cc1ccc2[nH+]c(C3=C(N)N(c4ccc(C(N)=O)cc4)CC3=O)[nH]c2c1,-8.096406518642207,1
Cc1ccc2[nH]c(C3=C(N)N(c4ccc(C(N)=O)cc4)CC3=O)nc2c1,-8.104553252745395,1
Cc1ccc2c(c1)C(C)(C)C(=O)N2CC(=O)Nc1cccc(C#N)c1,-7.896705209303652,1
Cc1ccc2nc(C3=C(N)N(c4ccc(C(N)=O)cc4)CC3=O)[nH]c2c1,-7.227335995566271,1
Cc1cccc(-c2nc3nc(C[NH+]4CCN(CCO)CC4)cc([O-])n3n2)c1,-8.07157310355798,1
Cc1cccc(C(=O)Nc2ccc(-c3nc4ncccc4o3)cc2)c1,-6.680318114885541,1
Cc1cccc(NC(=O)Cc2csc(NC(=O)C3CC3)n2)c1,-8.29723659665254,1
Cc1cccc(OCC(=O)N2CCN(S(=O)(=O)c3ccc4c(c3)NC(=O)[C@@H](C)O4)CC2)c1,-7.4151924891332355,1
Cc1cccc(OCCNc2cc(N3CCN(CCO)CC3)ccc2[N+](=O)[O-])c1,-7.032293083973849,1
Cc1ccccc1CS(=O)(=O)N1CCC(C(=O)N2CCC(C(N)=O)CC2)CC1,-7.395725681118068,1
Cc1ccccc1Nc1nn2c(=O)c3ccc(C(=O)NC4CC4)cc3nc2s1,-7.860933335773828,1
Cc1csc2nc(CSc3nc4ccc(NC(=O)c5ccco5)cc4s3)cc(=O)n12,-6.962116774838769,1
Cc1n[nH]c2c1[C@@H](c1ccc(OCC(N)=O)cc1)CC(=O)N2,-8.38873696475011,1
Cc1n[nH]c2c1[C@H](c1ccc(OCC(N)=O)cc1)CC(=O)N2,-8.52957351712714,1
Cc1nc(-c2cccc(S(=O)(=O)N3CCC(C(=O)NCc4ccc5c(c4)OCO5)CC3)c2)no1,-5.791281214364695,1
Cc1nn(-c2nncc(-c3ccccc3)n2)c2c1[C@H](c1ccc(OCC(N)=O)cc1)CC(=O)N2,-9.603554473216697,1
Cc1nn(CCCC(=O)Nc2ccc(CC#N)cc2)c(C)c1[N+](=O)[O-],-8.44784340550407,1
Cc1nn2c(=O)cc(COC(=O)c3ccc(NC(=O)c4ccco4)cc3)nc2s1,-7.32988411847741,1
Cc1nn2c(=O)cc(CSc3nc4ccc(NC(=O)c5ccco5)cc4s3)nc2s1,-7.234916285619931,1
Cc1noc(-c2cccc(OCC(=O)Nc3ccc(C(N)=O)cc3)c2)n1,-8.927940749383891,1
Cc1noc(-c2ccccc2OCC(=O)Nc2ccc(C(N)=O)cc2)n1,-8.96979435083561,1
Cn1c(=O)oc2cc(NC(=O)Nc3ccc(F)cc3)ccc21,-7.429832549625012,1
Cn1c(=O)oc2cc(NC(=O)Nc3ccccc3)ccc21,-7.401362123367912,1
Cn1c(=O)oc2cc(S(=O)(=O)CCC(=O)NCCc3ccccc3)ccc21,-8.57710904617224,1
Cn1c(=O)oc2cc(S(=O)(=O)Nc3ccc(F)cc3)ccc21,-7.704604993503409,1
Cn1c(SCc2cc(=O)c3cc(C(N)=O)ccc3[nH]2)nnc1-c1ccco1,-9.73999756374188,1
Cn1cc(-c2cc3n(n2)CCC(=O)N3CCCC(=O)NCc2ccc3c(c2)OCO3)c2ccccc21,-6.7811111018264985,1
Cn1cc(C(=O)Nc2ccc(C(N)=O)cc2)c2[n-]c(=O)n(-c3ccc(Cl)cc3)c(=O)c21,-10.03511590064634,1
Cn1cc(C2=CC[N@@H+](CC(=O)Nc3ccc(F)cc3Cl)CC2)cn1,-8.555712534411743,1
Cn1nc(C(=O)NCc2ccc3c(c2)OCO3)c2c1CCN(S(=O)(=O)c1ccccc1)C2,-5.940145066341531,1
Cn1nnc2cc(C(=O)NCc3ccc4c(c3)OCO4)ccc21,-7.188525036421259,1
N#CCCN1CCN(c2ccc(C(=O)[O-])cc2NS(=O)(=O)c2cc(F)ccc2F)CC1,-5.465243034864089,1
N#CCOc1ccc(/C=N/NC(=O)CSCc2ccc(Cl)cc2)cc1,-7.105583713872356,1
N#CCc1ccc(NC(=O)[C@@H]2CCCN(S(=O)(=O)c3cccs3)C2)cc1,-8.360881709385579,1
N#Cc1ccc(/C=c2\sc3nc4ccccc4n3c2=O)cc1,-7.218017837392833,1
N#Cc1ccc(OCc2nc(-c3ccncc3)no2)cc1,-7.436986581161358,1
NC(=O)C1CCN(C(=O)COCc2cc(-c3cccs3)on2)CC1,-8.852451540368014,1
NC(=O)C1CCN([C@H]2CC(=O)N(c3ccc(Br)cc3)C2=O)CC1,-7.366142697457054,1
NC(=O)C1CCN([C@H]2CC(=O)N(c3ccc(Cl)cc3)C2=O)CC1,-7.615999026631258,1
NC(=O)C1CCN([C@H]2CC(=O)N(c3ccc(F)cc3)C2=O)CC1,-7.437233312130235,1
NC(=O)C1CCN([C@H]2CC(=O)N(c3ccc(I)cc3)C2=O)CC1,-6.85377094387434,1
NC(=O)C1CCN([C@H]2CC(=O)N(c3ccc(OC(F)(F)Cl)cc3)C2=O)CC1,-4.6186410782576495,1
NC(=O)COc1ccc([C@@H]2CC(=O)N=C3NC(SCc4cccc(Cl)c4)=NC([O-])=C32)cc1,-7.845988534383878,1
NC(=O)COc1ccc([C@@H]2CC(=O)N=C3NC(SCc4ccccc4)=NC([O-])=C32)cc1,-7.895014310989058,1
NC(=O)COc1ccc([C@@H]2CC(=O)N=C3NC(SCc4ccccc4Cl)=NC([O-])=C32)cc1,-8.16699043690875,1
NC(=O)COc1ccc([C@@H]2CC(=O)Nc3[nH]c(SCc4ccccc4)nc(=O)c32)cc1,-8.163768637074513,1
NC(=O)COc1ccc([C@@H]2CC(=O)Nc3nc(SCc4ccccc4)[nH]c(=O)c32)cc1,-8.35503170790677,1
NC(=O)COc1ccc([C@H]2CC(=O)N=C3NC(SCc4cccc(Cl)c4)=NC([O-])=C32)cc1,-7.69424706464503,1
NC(=O)COc1ccc([C@H]2CC(=O)N=C3NC(SCc4ccccc4)=NC([O-])=C32)cc1,-6.9123695274384405,1
NC(=O)COc1ccc([C@H]2CC(=O)N=C3NC(SCc4ccccc4Cl)=NC([O-])=C32)cc1,-7.4565768322055614,1
NC(=O)COc1ccc([C@H]2CC(=O)Nc3[nH]c(SCc4ccccc4)nc(=O)c32)cc1,-7.226376798447927,1
NC(=O)COc1ccc([C@H]2CC(=O)Nc3[nH]c(SCc4ccccc4Cl)nc(=O)c32)cc1,-7.965111220201901,1
NC(=O)COc1ccc([C@H]2CC(=O)Nc3nc(SCc4cccc(Cl)c4)[nH]c(=O)c32)cc1,-7.664804477659529,1
NC(=O)COc1ccc([C@H]2CC(=O)Nc3nc(SCc4ccccc4)[n-]c(=O)c32)cc1,-6.81023265828913,1
NC(=O)COc1ccc([C@H]2CC(=O)Nc3nc(SCc4ccccc4)[nH]c(=O)c32)cc1,-8.185061173331999,1
NC(=O)COc1ccc([C@H]2CC(=O)Nc3nc(SCc4ccccc4Cl)[n-]c(=O)c32)cc1,-6.682884752272236,1
NC(=O)COc1ccc([C@H]2CC(=O)Nc3nc(SCc4ccccc4Cl)[nH]c(=O)c32)cc1,-8.869488347805135,1
NC(=O)CSc1nc2ccc(NC(=O)c3ccc(Cl)cc3)cc2s1,-8.686229779447647,1
NC(=O)CSc1nc2ccc(NC(=O)c3ccc(F)cc3)cc2s1,-8.721630690215056,1
NC(=O)CSc1nc2ccc(NC(=O)c3cccc(F)c3)cc2s1,-8.684114847106647,1
NC(=O)CSc1nc2ccccc2c2[n+]1[C@@H](CCC(=O)NCc1cccs1)C(=O)N2,-7.194300122559179,1
NC(=O)[C@H]1CC[N@H+]([C@@H]2CC(=O)N(c3ccc(Br)cc3)C2=O)CC1,-9.50376467436557,1
NC(=O)[C@H]1CC[N@H+]([C@@H]2CC(=O)N(c3cccc(Cl)c3)C2=O)CC1,-9.957645901179108,1
NC(=O)[C@H]1CC[N@H+]([C@H]2CC(=O)N(c3ccc(Br)cc3)C2=O)CC1,-9.34365170613125,1
NC(=O)[C@H]1CC[N@H+]([C@H]2CC(=O)N(c3ccc(Cl)cc3)C2=O)CC1,-9.551570827028696,1
NC(=O)[C@H]1CC[N@H+]([C@H]2CC(=O)N(c3ccc(F)cc3)C2=O)CC1,-9.63797933301054,1
NC(=O)[C@H]1CC[N@H+]([C@H]2CC(=O)N(c3ccc(I)cc3)C2=O)CC1,-8.997678358217602,1
NC(=O)[C@H]1CC[N@H+]([C@H]2CC(=O)N(c3ccc(OC(F)(F)Cl)cc3)C2=O)CC1,-9.083036416339109,1
NC(=O)[C@H]1CC[N@H+]([C@H]2CC(=O)N(c3cccc(Cl)c3)C2=O)CC1,-9.58528585629782,1
NC(=O)c1ccc(-n2nnnc2SCC(=O)N2CCCCC2)cc1,-9.07354795817291,1
NC(=O)c1ccc(-n2nnnc2SCc2ccc(C(=O)[O-])cc2)cc1,-9.111488595954247,1
NC(=O)c1ccc(-n2nnnc2SCc2ccccc2)cc1,-9.366280197797488,1
NC(=O)c1ccc(N2CC(=O)C(c3nc4ccccc4s3)=C2N)cc1,-8.578189385430008,1
NC(=O)c1ccc(NC(=O)CCCc2nc(-c3ccc(Cl)cc3)no2)cc1,-9.241358781567229,1
NC(=O)c1ccc(NC(=O)CCCc2nc(-c3ccccc3)no2)cc1,-9.262072335512446,1
NC(=O)c1ccc(NC(=O)CCCc2nc(-c3ccco3)no2)cc1,-8.528768238193623,1
NC(=O)c1ccc(NC(=O)CCCc2nc(-c3ccncc3)no2)cc1,-9.526039438332054,1
NC(=O)c1ccc(NC(=O)CCc2nc(-c3ccccn3)no2)cc1,-8.877903784273016,1
NC(=O)c1ccc(NC(=O)CCc2nc(-c3ccco3)no2)cc1,-9.34853848611494,1
NC(=O)c1ccc(NC(=O)CCn2c(=O)sc3ccccc32)cc1,-9.100278077084267,1
NC(=O)c1ccc(NC(=O)CSc2nc3c(cnn3-c3ccc(Cl)cc3)c(=O)[nH]2)cc1,-9.09024351275418,1
NC(=O)c1ccc(NC(=O)Cc2csc(NC(=O)C3CC3)n2)cc1,-8.812752342857634,1
NC(=O)c1ccc(NC(=O)c2cc(-c3ccccc3)on2)cc1,-8.567279000581872,1
O=C(CCN1CC[NH+](CCO)CC1)Nc1ccc(Br)cc1,-8.157716489778188,1
O=C(CCS(=O)(=O)c1cc2c(cc1Cl)NC(=O)CO2)Nc1cccc(F)c1,-7.302084168831059,1
O=C(CCS(=O)(=O)c1ccc2c(c1)NC(=O)CO2)Nc1ccc(C(F)(F)F)cc1,-8.474792222697918,1
O=C(CCS(=O)(=O)c1ccc2c(c1)NC(=O)CS2)Nc1ccc(F)c(Cl)c1,-7.823558634975932,1
O=C(CC[N-]c1n[nH]c(=O)[n-]c1=O)N/N=C/c1ccc(C(F)(F)F)cc1,-8.500530875554126,1
O=C(CC[N-]c1n[nH]c(=O)[n-]c1=O)N/N=C/c1ccc(Cl)cc1,-9.079902322585236,1
O=C(CC[N-]c1n[nH]c(=O)[n-]c1=O)N/N=C\c1ccc(Br)cc1,-8.757914529270327,1
O=C(CCc1n[nH]c(=O)[n-]c1=O)N/N=C/c1ccc(Br)cc1,-9.608395545473227,1
O=C(CCc1n[nH]c(=O)[n-]c1=O)N/N=C/c1ccc(C(F)(F)F)cc1,-8.017375488494416,1
O=C(CCc1n[nH]c(=O)[n-]c1=O)N/N=C/c1ccc(F)cc1,-8.503949423699687,1
O=C(CCc1n[nH]c(=O)[n-]c1=O)N/N=C/c1ccc([N+](=O)[O-])cc1,-8.54521344653539,1
O=C(CCc1n[nH]c(=O)[n-]c1=O)N/N=C/c1ccccc1,-9.622921414960416,1
O=C(CCc1n[nH]c(=O)[n-]c1=O)N/N=C/c1ccncc1,-9.275241294257,1
O=C(CCc1nnc2ccc(NCc3cccnc3)nn12)N1CCCC1,-7.6859117516702975,1
O=C(COCc1cc(-c2ccc3c(c2)OCO3)on1)NCCc1ccccc1,-6.900500308561873,1
O=C(COCc1nnc(C(=O)Nc2cccc(Cl)c2)s1)NCCCN1CCOCC1,-6.48497322800679,1
O=C(COCc1nnc(C(=O)Nc2cccc(F)c2)s1)NCCCN1CCOCC1,-4.924973443746202,1
O=C(COc1ccc([N+](=O)[O-])cc1)Nc1ccc2c(c1)NC(=O)CO2,-8.226104787831252,1
O=C(COc1ccccc1)Nc1ccc2c(c1)NC(=O)CO2,-8.195372086776613,1
O=C(COc1ccccc1-c1nc(-c2ccccc2)no1)Nc1cccc([N+](=O)[O-])c1,0.1383174740645283,1
O=C(CSc1nc2ncccc2o1)Nc1ccc(Cl)cc1,-6.578067315000973,1
O=C(CSc1nnc(CNC(=O)c2ccco2)o1)Nc1ccc(F)cc1,-6.139229265723136,1
O=C(Cc1csc(NC(=O)C2CC2)n1)NCc1ccc(Cl)cc1,-7.128898384452418,1
O=C(Cc1csc(NC(=O)C2CC2)n1)Nc1ccc(Cl)c(Cl)c1,-8.087147038738077,1
O=C(Cc1csc(NC(=O)C2CC2)n1)Nc1ccc(Cl)cc1,-8.073586071291583,1
O=C(Cc1csc(NC(=O)C2CC2)n1)Nc1ccc(F)cc1,-7.844121206390036,1
O=C(Cc1csc(NC(=O)c2ccco2)n1)Nc1ccc(Br)cc1,-7.706650775384559,1
O=C(Cc1csc2nc(-c3ccc(F)cc3)cn12)NCc1ccc2c(c1)OCO2,-7.165882846642573,1
O=C(Cc1n[nH]c(=O)[n-]c1=O)N/N=C/c1ccc(F)cc1,-8.50673256527608,1
O=C(Cc1n[nH]c(=O)[n-]c1=O)N/N=C/c1ccccc1,-8.42230150125292,1
O=C(Cc1n[nH]c(=O)[n-]c1=O)N/N=C/c1ccncc1,-9.35442965145424,1
O=C(Cc1n[nH]c(=O)[n-]c1=O)N/N=C\c1ccc(Br)cc1,-8.962433218629794,1
O=C(Cc1n[nH]c(=O)[nH]c1=O)N/N=C/c1ccc(F)cc1,-5.960839418374002,1
O=C(Cn1c(CO)cnc1SCC(=O)Nc1ccc2c(c1)OCCO2)NCc1ccccc1,-5.600262638263199,1
O=C(Cn1c(CO)cnc1SCC(=O)Nc1ccc2c(c1)OCO2)NCc1ccc(F)cc1,-7.653048957146362,1
O=C(N/N=C/c1ccc([N+](=O)[O-])s1)c1cccc(NC(=O)c2cccc(Br)c2)c1,-4.890070694926165,1
O=C(N/N=C/c1ccc2c(c1)OCO2)c1ccc(Br)cc1,-7.270091390370391,1
O=C(N/N=C/c1ccc2c(c1)OCO2)c1ccc(F)cc1,-6.690043550238776,1
O=C(NCC(=O)N1CCC(c2nc(-c3ccc(Cl)cc3)no2)CC1)c1ccco1,-5.667985834215621,1
O=C(NCCCCNC(=O)c1cccc([N+](=O)[O-])c1)c1cccc([N+](=O)[O-])c1,-4.302725245822225,1
O=C(NCCc1ccccc1)[C@@H]1CCCN(S(=O)(=O)c2ccc3[n-]c(=O)oc3c2)C1,-6.664256451375508,1
O=C(NCc1ccc(Cl)cc1)c1cc(-c2cccc(O)c2)on1,-7.235671880476895,1
O=C(NCc1cccnc1)c1cc(-c2ccccc2)nc2ccccc12,-6.315130656892348,1
O=C(NCc1cccnc1)c1nn(-c2ccc(Cl)cc2)nc1CO,-6.546786269280336,1
O=C(NCc1nc(-c2ccc3c(c2)Sc2ccccc2C(=O)N3C2CC2)no1)c1ccco1,-5.902944242968882,1
O=C(Nc1ccc(-c2nc3ncccc3o2)cc1)c1cccc([N+](=O)[O-])c1,-6.008018524705776,1
O=C(Nc1ccc(-c2nc3ncccc3o2)cc1)c1ccccc1,-5.450949604922053,1
O=C(Nc1ccc(C(=O)N2CCC(c3nc(-c4ccccc4)no3)CC2)cc1)c1ccco1,-6.728717312335812,1
O=C(Nc1ccc2c(c1)nc1n2CC[N@@H+](Cc2ccccc2)C1)c1ccco1,-6.259792937522665,1
O=C(Nc1nc(-c2ccccc2)cs1)c1ccco1,-7.499071387795122,1
O=C([O-])COc1ccccc1/C=N/NC(=O)CSc1nc2ccccc2s1,-6.938840210768944,1
O=C1COc2ccc(-c3csc(NC(=O)c4ccc(Br)cc4)n3)cc2N1,-7.298556399478018,1
O=C1COc2ccc(-c3csc(NC(=O)c4ccc(F)cc4)n3)cc2N1,-7.517818718117755,1
O=C1COc2ccc(NC(=O)c3ccc([N+](=O)[O-])cc3)cc2N1,-8.845848259820587,1
O=C1COc2ccc(S(=O)(=O)N3CCN(C(=O)c4cccc(Br)c4)CC3)cc2N1,-7.271966653383868,1
O=C1COc2ccc(S(=O)(=O)N3CCN(C(=O)c4cccc(Cl)c4)CC3)cc2N1,-7.94053472506902,1
O=C1COc2ccc(S(=O)(=O)N3CCN(C(=O)c4cccc(F)c4)CC3)cc2N1,-7.539198471071327,1
O=C1C[C@H](N2CC[NH+](CCO)CC2)C(=O)N1c1ccc(F)cc1,-6.76017980980459,1
O=S1(=O)N=C(N(CCO)/N=C/c2cccc(O)c2)c2ccccc21,-7.394695010042222,1
O=[N+]([O-])c1ccc(N2CCN(CCO)CC2)cc1NCCOc1ccc(Cl)cc1,-6.255700238198335,1
O=[N+]([O-])c1ccc(N2CCN(CCO)CC2)cc1NCCOc1ccccc1,-5.962500497347599,1
O=[N+]([O-])c1ccc(N2CC[NH+](CCO)CC2)cc1NCCOc1ccccc1,-7.7670935930610545,1
OCCCc1nc2ccccc2[nH]1,-7.831333718729928,1
